person_id,full_name,dob,pan_number,address,monthly_salary_inr,tax_filing_status
PER00001,Kanav Varma,2006-09-12,DQTCK4482F,"H.No. 93, Raj Road, Madhyamgram-932695",45000,Filed
PER00002,Shalv Rajagopal,1985-10-01,OXPVX0130V,"H.No. 13, Tailor Road, Satara-664796",35000,Filed
PER00003,Divij Ramesh,2000-07-03,MEOSR4680F,"94/931, Contractor Nagar, Coimbatore-835735",65000,Filed
PER00004,Anya Bumb,1971-03-26,VHJXB1252J,"55, Dani Marg, Jamalpur 469402",120000,Pending
PER00005,Lagan Dewan,2005-03-07,YLOUY3046U,"762, Mand Nagar, Kalyan-Dombivli 669570",45000,Filed
PER00006,Myra Mander,1957-10-31,PCCJB2698T,"93, Sinha Street, Maheshtala 384289",45000,Filed
PER00007,Shamik Varughese,1972-02-16,YNJJR6308H,"28/169, Sabharwal Marg, Vellore-692141",45000,Filed
PER00008,Akarsh Suri,1966-10-16,NKYTQ3497G,"H.No. 737, Virk Path, Sirsa 461969",50000,Filed
PER00009,Anahita Kurian,1979-08-27,KFRSD6801K,"98/986, Garg Ganj, Ambarnath 674688",50000,Filed
PER00010,Hansh Bal,1989-06-10,AKTGY6219L,"737, Brahmbhatt Road, Nagpur 184872",50000,Filed
PER00011,Misha Sule,1978-05-01,FYNRA7285P,"747, Agrawal Nagar, Gandhidham-765549",120000,Filed
PER00012,Umang Arora,1967-01-10,PIBIE2281A,"H.No. 585, Thaker Road, Vijayawada 993791",35000,Filed
PER00013,Vedika Raju,1992-10-11,RFDIJ2191U,"63/91, Sankaran Chowk, Saharsa 286004",35000,Not Filed
PER00014,Fateh Aggarwal,1967-12-19,BEYCF0495F,"10/92, Ratti Nagar, Bettiah-133211",35000,Filed
PER00015,Mahika Sur,1995-09-08,NOQUK8531K,"75/513, Chawla Street, Singrauli 541606",50000,Filed
PER00016,Saanvi Ravi,1997-07-30,JHUOY7693Z,"H.No. 731, Dutt Circle, Patna 273950",35000,Filed
PER00017,Faiyaz Khalsa,1990-12-05,FKNQU9014S,"H.No. 691, Randhawa, Kalyan-Dombivli 893530",35000,Not Filed
PER00018,Lakshit Dey,2002-11-21,MUNBI5059J,"H.No. 13, Chandra Road, Madhyamgram 291082",35000,Filed
PER00019,Anay Sachar,1958-11-30,TTJXG9711C,"H.No. 598, Srivastava Zila, Ahmedabad 751170",80000,Not Filed
PER00020,Ivan Master,1969-09-08,GXNVV3046B,"H.No. 110, Rege Street, Rourkela 863391",35000,Pending
PER00021,Navya Boase,1967-06-17,UAJGE1933J,"686, Amble Street, Ambala-500625",50000,Filed
PER00022,Rohan Master,2001-04-01,FJBZJ2686U,"H.No. 94, Khurana Street, Rajkot 564208",45000,Filed
PER00023,Ojas Dutt,1973-05-12,MFQGZ0309Q,"28, Sha Nagar, Indore-133578",80000,Filed
PER00024,Stuvan Sekhon,2006-01-14,JZCRT4714H,"H.No. 606, Chatterjee Road, Nagpur 531735",50000,Filed
PER00025,Kismat Goswami,1969-08-28,YQJTY3228V,"321, Char Ganj, Durg-246791",45000,Filed
PER00026,Suhana Ramakrishnan,1988-04-08,LRCEN2861C,"42/989, Sengupta Road, Saharanpur 746630",45000,Filed
PER00027,Heer Gopal,1982-11-29,YJNSM8028S,"H.No. 48, Goda Zila, Jorhat-198881",35000,Not Filed
PER00028,Kavya Bassi,1987-10-08,XVSFZ3672E,"26/469, Saha, Bijapur 822097",50000,Not Filed
PER00029,Gokul Kothari,1964-10-29,YQFQU0993J,"H.No. 70, Uppal Chowk, Ramagundam-830115",45000,Not Filed
PER00030,Amani Das,1979-04-16,FOAZK3010D,"07/290, Dyal, North Dumdum-054688",35000,Filed
PER00031,Inaaya  Kapoor,2002-11-13,VTTRE4002A,"H.No. 05, Mahal Street, Chennai-502925",50000,Filed
PER00032,Sara Virk,1990-11-23,QZGOI6383I,"724, Warrior Zila, Kamarhati-022397",65000,Filed
PER00033,Heer Ravel,1962-12-05,AMLMI6155L,"25, Vaidya, Begusarai 342973",50000,Filed
PER00034,Lakshay Balasubramanian,1969-11-13,NNAQB6066G,"H.No. 977, Kumer Chowk, Lucknow-052026",120000,Filed
PER00035,Ishaan Wagle,2006-09-17,FGFAQ1610U,"H.No. 61, Varghese Circle, Panchkula 009427",45000,Filed
PER00036,Samar Banik,1987-01-09,QRBTP3317Y,"324, Shetty Road, Madurai-998925",65000,Filed
PER00037,Lakshit Randhawa,1982-01-28,RRCAW8507J,"50/93, Venkataraman, Bhiwani 222147",0,Filed
PER00038,Navya Seth,1982-06-23,YZDWA0528B,"312, Aggarwal Chowk, Berhampore-998357",65000,Not Filed
PER00039,Jayesh Kata,1962-08-21,ZVCAR3104F,"21/41, Deshpande Zila, Muzaffarpur-955397",45000,Filed
PER00040,Hridaan Gaba,1994-12-03,YKTED8135H,"H.No. 51, Kar Marg, Ambarnath-571876",45000,Filed
PER00041,Sahil Handa,1997-11-23,YJYLC8421J,"H.No. 26, Shan Zila, Kolhapur-913810",45000,Not Filed
PER00042,Lagan Madan,1967-09-23,DFUQD0364B,"42/32, Babu Circle, Jammu 501750",65000,Filed
PER00043,Arnav Joshi,1984-02-16,CIVXT5309I,"43/124, Jayaraman Street, Nanded-445650",45000,Filed
PER00044,Lavanya Andra,1959-04-08,SXWNX8154B,"00, Hans Circle, Buxar-263351",50000,Filed
PER00045,Zeeshan Solanki,1975-01-20,YSJFI8294Y,"46/20, Jhaveri Marg, Thanjavur 706305",35000,Filed
PER00046,Onkar Jha,1965-01-28,IPGBJ5655C,"91/367, Suri Marg, Kamarhati-450126",35000,Filed
PER00047,Divit De,1969-07-05,EGFVU2911P,"38/94, Sehgal Marg, Mahbubnagar 203218",120000,Filed
PER00048,Rasha Kant,1997-04-19,MUAOO5010C,"H.No. 56, Ahuja Zila, Guna-017275",45000,Not Filed
PER00049,Kashvi Sabharwal,1966-09-15,NRODM8689C,"H.No. 58, Kibe Road, Ulhasnagar-917322",45000,Filed
PER00050,Vaibhav Dave,1983-01-06,ENGTP4366B,"H.No. 66, Chand Street, Gorakhpur 334137",50000,Pending
PER00051,Madhav Soman,1957-03-26,XSHJU5049A,"H.No. 875, Luthra Ganj, Parbhani 105825",45000,Filed
PER00052,Urvi Dua,1964-08-19,XSDOX1206N,"12, Dada Ganj, Bidhannagar-583122",65000,Filed
PER00053,Krish Saini,1987-11-08,RFNNH4918E,"04, Tandon Path, Hapur 307187",45000,Not Filed
PER00054,Ishaan Sarkar,2001-12-30,QFVGM2153E,"H.No. 07, Krishnan Ganj, Tadepalligudem-050579",45000,Pending
PER00055,Prisha Trivedi,1966-02-07,MITTB1272P,"28/33, Keer Zila, Bettiah 392055",50000,Filed
PER00056,Vanya Mallick,1963-08-07,BFXNZ3819H,"09, Sridhar Path, Mumbai 514325",200000,Filed
PER00057,Mehul Dubey,1964-03-11,CWHMS7557I,"291, Basu Road, Tiruchirappalli-740419",45000,Not Filed
PER00058,Rania Bassi,1981-11-18,FIPAW5316Z,"946, Mani Circle, Shimla-925612",45000,Filed
PER00059,Vanya Das,2004-04-04,JICUX4191L,"29/812, Hora, Arrah 958095",45000,Filed
PER00060,Aniruddh Gulati,1974-06-24,GENUZ5271N,"H.No. 81, Tella Nagar, Bally 919268",80000,Not Filed
PER00061,Inaaya  Chandran,1983-07-23,QKCYW8364J,"97/523, Barman Path, Bardhaman 346798",80000,Filed
PER00062,Eshani Manda,1968-07-17,VPUZG4990Y,"537, Bedi Road, Gangtok 672891",35000,Not Filed
PER00063,Kanav Bhargava,1993-09-09,JRFBW7697C,"20/961, Subramanian Ganj, Etawah-968428",120000,Not Filed
PER00064,Gatik Chakrabarti,1967-11-20,GNVAX0747G,"H.No. 30, Chakraborty Path, Jammu 363923",50000,Filed
PER00065,Misha Dhar,1979-04-22,WYYOB9596Z,"33/045, Malhotra Marg, Noida 213311",80000,Pending
PER00066,Samiha Comar,1982-09-05,WFLOB3058Z,"H.No. 47, Sankar, Bhalswa Jahangir Pur 121484",0,Not Filed
PER00067,Madhav Bajwa,1999-01-26,FVFIZ2704R,"38, Sastry, Phagwara 954596",50000,Not Filed
PER00068,Nitara Ghosh,2005-02-07,AZJYF8994O,"H.No. 414, Rastogi Ganj, Sirsa 553102",35000,Filed
PER00069,Vardaniya Kuruvilla,1980-07-14,ZRIMP2399G,"42/579, Bora, Gopalpur-400812",65000,Filed
PER00070,Neelofar Agarwal,1984-09-27,URWLP9197J,"H.No. 43, Rajagopalan Path, Raipur-132945",0,Filed
PER00071,Gokul Ray,1966-03-29,SKEGG6023S,"H.No. 35, Rajan Ganj, Jodhpur-573059",65000,Filed
PER00072,Elakshi Loke,1988-03-23,FKHIW3102M,"38, Gade Chowk, Aizawl-678613",35000,Pending
PER00073,Ivan Gokhale,1984-06-27,GRABQ4566V,"381, Luthra Road, Pimpri-Chinchwad 190683",120000,Filed
PER00074,Alia Batra,1974-10-30,DYPVS7346C,"H.No. 44, Sundaram Zila, Udupi 580353",65000,Filed
PER00075,Sana Joshi,1961-08-21,OLDRR1213W,"12/686, Sarma Street, Bharatpur 742363",0,Filed
PER00076,Mannat Gade,1974-05-20,SBAQV0882T,"H.No. 593, Dhillon Chowk, Eluru 418963",35000,Not Filed
PER00077,Dishani Kamdar,1979-08-22,MFXLT0644S,"130, Lata Street, Ulhasnagar 790178",35000,Filed
PER00078,Yakshit Ramakrishnan,1959-08-20,NDNAY2231Z,"509, Dugar Nagar, Rewa 943211",35000,Filed
PER00079,Mohanlal Mahajan,1962-03-30,YNLHR2292E,"80, Som Path, Singrauli-249728",35000,Filed
PER00080,Miraya Rattan,2004-04-26,JIPSE5877P,"H.No. 327, Das Street, Bardhaman 052716",80000,Not Filed
PER00081,Lavanya Gole,1969-05-09,KUFPK9581Z,"090, Jani Ganj, Gaya 557747",45000,Filed
PER00082,Arhaan Krishnamurthy,1955-02-18,OGFUJ8078I,"20/79, Grover Ganj, Ambarnath-870576",65000,Pending
PER00083,Mamooty Chaudhuri,1980-05-05,URNRX9457L,"80/61, Kar Circle, Aligarh-036507",45000,Not Filed
PER00084,Zoya Sha,1990-10-31,AEMTF3076C,"52/01, Goda Circle, Bhiwandi-628603",65000,Filed
PER00085,Madhup Vig,1961-12-17,VMLDJ6964I,"12/96, Soman Marg, Bharatpur-597297",45000,Filed
PER00086,Hunar Vaidya,1989-09-03,XVSRQ3752E,"H.No. 06, Mandal Circle, Unnao 273359",50000,Filed
PER00087,Yashvi Agarwal,2004-01-12,PYSWE4513Q,"88, Lalla Zila, Kavali 316098",35000,Filed
PER00088,Aniruddh Din,1978-06-01,WEWPA6624D,"91, Badal Ganj, Arrah 997788",45000,Filed
PER00089,Neysa Sachdev,1985-12-20,QSJFZ1397G,"H.No. 52, Mann Circle, Thane-732901",200000,Not Filed
PER00090,Vedika Seshadri,1999-04-27,AVIDM6489B,"H.No. 09, Mangat Street, Nagaon 059554",65000,Not Filed
PER00091,Ira Raman,1988-12-13,AGRYC3927F,"17/63, Kaul Path, Bally-493001",50000,Pending
PER00092,Advik Ramachandran,1962-01-24,GTBRQ4204I,"18/06, Bhat Marg, Rajkot 067372",35000,Filed
PER00093,Vedika Chanda,2003-05-07,OBSPN8259B,"288, Jha Zila, Rewa 748723",65000,Filed
PER00094,Dharmajan Krish,2006-08-19,FKRUO2438M,"452, Ramanathan Marg, Motihari-744403",0,Filed
PER00095,Hiran Gera,1985-11-20,LDFDX5055U,"66/857, Borah Nagar, Raurkela Industrial Township-309508",50000,Filed
PER00096,Ishita Goyal,1980-08-04,DHGAR4267R,"35/938, Seshadri Road, Kollam 865363",65000,Filed
PER00097,Armaan Raja,1994-08-04,VXFKZ9679E,"H.No. 448, Venkataraman Nagar, Morena-476564",65000,Filed
PER00098,Gatik Ramanathan,1977-04-06,ADCOE0500O,"392, Rajagopalan Nagar, Ramagundam-499518",200000,Pending
PER00099,Yuvaan Shukla,1967-01-07,EHPSB0237U,"50/88, Gour Path, Saharanpur-273892",50000,Filed
PER00100,Samaira Din,1999-03-30,VEGBT1509G,"73, Anne Chowk, Bhind 739990",65000,Filed
PER00101,Vedika Raval,1981-09-21,KTOWR0531O,"H.No. 59, Bahl Zila, Nellore 776152",45000,Not Filed
PER00102,Alia Sandal,1988-06-12,ISDFE0764U,"H.No. 573, Gole Zila, Davanagere 173255",80000,Filed
PER00103,Hridaan Barad,1966-04-07,AGBGK4406P,"93/40, Talwar Path, Unnao-089068",35000,Filed
PER00104,Sana Gupta,1973-02-22,CKTKL3657I,"H.No. 275, Tank, Indore-598108",35000,Pending
PER00105,Anvi Bajaj,1977-05-11,ZPDPQ7329M,"H.No. 83, Vora Marg, Dewas 419404",50000,Filed
PER00106,Hazel Randhawa,1989-09-20,YSNNX8146Q,"H.No. 27, Zacharia Road, Solapur 974738",45000,Filed
PER00107,Charvi Apte,1979-09-13,PIIVU9263L,"H.No. 88, Vala Street, Giridih-775386",45000,Pending
PER00108,Kimaya Kanda,1971-01-12,VRCAG5207E,"14/74, Guha Chowk, Mahbubnagar-500525",0,Filed
PER00109,Mishti Chad,1983-01-11,NJYHF2437P,"84, Kala Nagar, New Delhi 862286",45000,Not Filed
PER00110,Veer Chaudry,1967-07-01,QNTFV1471E,"H.No. 356, Bakshi Chowk, Shivpuri-839941",35000,Not Filed
PER00111,Vivaan Samra,1975-05-06,OAIUP5118K,"107, Ratti Nagar, Ajmer-407470",45000,Filed
PER00112,Anya Gill,1971-02-13,UGUPY9272Y,"129, Kapoor Street, Mangalore 037327",50000,Filed
PER00113,Dhruv Chacko,1988-08-29,KDJKI7169N,"H.No. 847, Luthra Circle, Hindupur 302705",35000,Filed
PER00114,Ranbir Sarna,2002-02-07,AGRXP9521V,"05/23, Bhagat Path, New Delhi 604043",0,Pending
PER00115,Vanya Rau,1972-11-03,EPVSK8575I,"H.No. 33, Kamdar Zila, Ajmer-637394",200000,Filed
PER00116,Shamik Balakrishnan,1977-07-22,QZXYR8969K,"48/060, Subramaniam Circle, Pudukkottai-134347",65000,Filed
PER00117,Piya Sethi,1994-02-06,JSCNL6484V,"05/45, Wable Marg, Bharatpur-038162",120000,Not Filed
PER00118,Chirag Vasa,1974-10-01,MNSCZ1271H,"47, Datta Street, Rajkot-023916",50000,Filed
PER00119,Zara Badami,2005-08-27,HRBZK9695U,"036, Arya Marg, Amravati-236118",80000,Not Filed
PER00120,Vritika Ramaswamy,2005-03-31,NSMPS6043D,"H.No. 94, Banerjee Nagar, Ambala 343094",45000,Not Filed
PER00121,Shayak Garg,1958-12-17,NWVSR8765O,"H.No. 98, Dhawan, Bulandshahr 943323",35000,Filed
PER00122,Adah Mane,2004-09-02,LYLQD0892C,"H.No. 94, Badami Path, Vijayawada 988561",80000,Filed
PER00123,Gatik Roy,1970-02-18,VZPCF1892M,"619, Chokshi Road, Thanjavur-661280",65000,Filed
PER00124,Seher Rajan,1962-11-07,XJUJO2230D,"23/735, Bail Nagar, Vadodara-518489",50000,Pending
PER00125,Jivin Kashyap,2002-05-14,HGKDU6504V,"H.No. 33, Jha Chowk, Bhavnagar-685438",45000,Filed
PER00126,Vardaniya Date,1985-05-19,KWSJB6970O,"401, Sarma Marg, Bihar Sharif-024166",35000,Filed
PER00127,Sara Divan,1980-12-26,FLBTF3403P,"H.No. 29, Som Road, Rewa 591429",120000,Filed
PER00128,Fateh Sengupta,2002-12-11,GOIQJ7096B,"H.No. 73, Ganguly Street, Korba 986771",35000,Filed
PER00129,Nirvi Basak,2004-03-29,DREAN4057A,"96, Bahl Street, Nanded 899678",35000,Filed
PER00130,Nirvaan Shukla,1958-11-04,VHXAU2560J,"16/24, Zacharia Ganj, Ulhasnagar-246240",45000,Pending
PER00131,Zoya Dutt,1975-11-14,IDLXJ9890S,"91/02, Khanna Chowk, Thane-189995",35000,Filed
PER00132,Biju Tank,1994-07-07,QVYCW9048T,"487, Sidhu Road, Gandhinagar-614258",50000,Filed
PER00133,Shlok Mahal,1963-05-21,APQGT1247E,"513, Bawa Marg, Dindigul 458163",65000,Not Filed
PER00134,Gokul Bansal,1986-07-22,XJNMA2855S,"61, Kapur Road, Vellore-052985",65000,Filed
PER00135,Tejas Chadha,1956-07-23,NGEFX0123H,"06, Bava Circle, Ludhiana 851037",35000,Filed
PER00136,Shanaya Ganguly,1995-04-28,QFUND8458C,"81/88, Baral Road, Thanjavur 993255",35000,Filed
PER00137,Jiya Cherian,1978-11-30,JZDYR5574J,"H.No. 720, Sami Path, Pallavaram-845342",80000,Filed
PER00138,Anahita Mannan,1978-05-24,BZNLG7662J,"93, Trivedi Street, Tadipatri 072521",200000,Filed
PER00139,Siya Cheema,1976-02-02,VSHVR3984B,"977, Badami Circle, Jaunpur-498073",45000,Filed
PER00140,Reyansh Batta,1982-05-11,GFQQZ7561W,"H.No. 85, Kapadia Circle, Bally-051220",65000,Not Filed
PER00141,Uthkarsh Lall,1976-03-20,OSJSD6455Z,"925, Mannan Street, Ambala 877002",80000,Pending
PER00142,Zoya Kalita,1978-05-28,JMSOR7326G,"H.No. 85, Sandal, Pudukkottai-262434",45000,Filed
PER00143,Shlok Goel,1958-03-16,WCWTT5787M,"H.No. 275, Gulati Circle, Shimla-413209",45000,Not Filed
PER00144,Akarsh Tak,2005-01-16,IGAEV6968L,"H.No. 300, Trivedi Circle, Jalandhar 903450",65000,Not Filed
PER00145,Alia Sarma,1971-01-16,WVYHM3639S,"10/127, Sachdev Marg, Amritsar-433998",45000,Filed
PER00146,Shaan Bora,1971-10-19,WYMWG0887T,"H.No. 30, Krishna Street, Hapur-013160",35000,Filed
PER00147,Jivika Comar,1971-11-26,CMNZM8999N,"065, Shetty Ganj, Bahraich 126621",65000,Not Filed
PER00148,Nitara Kibe,1997-03-25,BMNUM5236H,"H.No. 83, Bora Road, Begusarai-062600",35000,Pending
PER00149,Yasmin Raj,1985-10-10,ODFKX8109B,"H.No. 196, Char Road, Bangalore 852870",35000,Filed
PER00150,Jhanvi Dani,1974-12-29,LQYMU8147Q,"H.No. 56, Kaur Circle, Patna 457472",35000,Filed
PER00151,Armaan Sharma,1961-05-10,XWVVI6307U,"556, Kar Nagar, Latur-836697",50000,Filed
PER00152,Ritvik Edwin,1978-07-04,WUNCG4091B,"88/31, Sule Circle, Chittoor 544715",50000,Filed
PER00153,Onkar Viswanathan,1958-03-24,ZZIJE5640P,"59, Zacharia Street, Hindupur 492626",65000,Filed
PER00154,Ranbir Rama,1997-04-17,DLBRG5990T,"H.No. 153, Dora Zila, Alappuzha 462012",50000,Filed
PER00155,Advika Toor,1977-06-01,FDLCF9515Q,"246, Baral, Berhampur 442587",65000,Not Filed
PER00156,Himmat Bhatia,1977-06-16,WORJJ3902J,"415, Sachdeva Nagar, Sultan Pur Majra-499804",50000,Pending
PER00157,Shaan Ramachandran,1989-11-27,INXWV5805W,"50/00, Cheema Circle, Bhiwandi-690273",120000,Filed
PER00158,Kiara Das,2000-09-03,PBWGI6524R,"H.No. 65, Sibal Path, Unnao 057529",35000,Filed
PER00159,Parinaaz Dutt,1982-01-22,AKHDK5366U,"H.No. 06, Swamy Ganj, Ramgarh 690234",50000,Filed
PER00160,Nehmat Sem,1961-09-15,EJFSZ6999Z,"32, Bhatia Marg, Raichur 582936",50000,Filed
PER00161,Hrishita Sastry,1970-11-26,GGKFL1076P,"28, Kanda Circle, Latur-330923",35000,Not Filed
PER00162,Vihaan Gupta,1968-02-11,KRKIR3138W,"63, Kata Circle, Bongaigaon-396290",50000,Filed
PER00163,Ishaan Arora,1983-01-25,KGHNE9664M,"01/254, Datta Street, Loni-822454",50000,Pending
PER00164,Rasha Anne,1990-02-21,BNFQA4518V,"76, Gokhale, Ozhukarai 424236",0,Pending
PER00165,Taimur Kashyap,1996-04-25,QSYFI6223M,"484, Date Zila, Eluru-001063",35000,Filed
PER00166,Priyansh Dey,1994-10-05,VLXSL9686G,"72/848, Datta Road, Shivpuri 265984",35000,Filed
PER00167,Anahi D’Alia,1965-05-06,AQSVL4286T,"H.No. 407, Arora Road, Vadodara-537287",65000,Filed
PER00168,Aarush Verma,1994-01-31,TZDWZ0242G,"H.No. 43, Mangal Ganj, Ghaziabad 964559",65000,Pending
PER00169,Shamik Tara,1996-06-06,PHCAK5112E,"H.No. 70, Madan Circle, Bellary-989075",0,Filed
PER00170,Rasha Dixit,1958-08-24,FEAVI9677A,"H.No. 800, Ganesh Zila, Narasaraopet-212615",0,Filed
PER00171,Akarsh Dewan,1974-04-29,QYORZ3187P,"86/83, Ratta Road, Ulhasnagar-855321",50000,Not Filed
PER00172,Chirag Shanker,1988-12-26,PHTID2177C,"49/99, Bhavsar Ganj, Aurangabad 269267",35000,Filed
PER00173,Yuvraj  Srinivas,1985-01-16,PBSNT3003N,"H.No. 648, Dewan Circle, Jammu 497423",50000,Filed
PER00174,Himmat Subramaniam,1988-10-06,LOVUE9060P,"H.No. 96, Chandra Road, Bettiah 816109",65000,Filed
PER00175,Bhavin Sem,1984-03-09,SNJCN4022T,"55/759, Amble Chowk, Ludhiana 999126",200000,Filed
PER00176,Madhav Kurian,1986-08-15,MXNMF6857W,"09/45, Gola Zila, Nashik 930094",0,Filed
PER00177,Lakshay Choudhry,1994-08-20,KSRUP2452G,"876, Chawla Ganj, Katihar 797454",45000,Not Filed
PER00178,Prerak Buch,1991-08-01,SGZYA0182X,"54/577, Kala, Delhi 713605",50000,Pending
PER00179,Zara Andra,1994-05-29,OHQQA2559Z,"52/99, Hora Chowk, Srikakulam 252598",35000,Not Filed
PER00180,Samarth Apte,1954-09-25,JSCTG0022G,"86, Gala Nagar, Aligarh 661979",35000,Filed
PER00181,Tarini Dhaliwal,1964-02-01,DEJBU1144Y,"H.No. 26, Golla Nagar, Bhubaneswar 812696",45000,Filed
PER00182,Ela Chauhan,1986-06-13,KGIJA7296C,"88, Kibe, Kochi 001807",35000,Filed
PER00183,Mishti Ghose,2005-04-01,JIKKK7702Q,"H.No. 114, Kanda Street, Haridwar 589869",50000,Filed
PER00184,Zaina Ramachandran,1968-03-22,BJQMM4374L,"68/87, Sekhon Nagar, Tenali 267195",45000,Not Filed
PER00185,Hrishita Sagar,1980-10-01,BJAWP1778X,"H.No. 56, Deshmukh Chowk, Medininagar 070911",35000,Filed
PER00186,Anahita Deol,1956-08-17,ZXLHJ6419I,"23/71, Ahluwalia Circle, Asansol 930717",50000,Pending
PER00187,Suhana Deep,1958-01-02,IQYIR4539E,"10, Chada Nagar, Guna-163136",0,Not Filed
PER00188,Oorja Trivedi,1999-04-18,ESMXH6604I,"54/41, Baral Ganj, Orai 618921",50000,Filed
PER00189,Mishti Loyal,2007-02-14,ZLBHN4263N,"30/32, Bhalla, Erode-915630",0,Not Filed
PER00190,Dishani Dave,1977-07-21,LRIJV0110W,"H.No. 318, Dave Street, Farrukhabad 675188",50000,Filed
PER00191,Shamik Sood,1976-12-21,PQLQR2776Y,"57, Jaggi Ganj, Kochi 998579",35000,Pending
PER00192,Shayak Kulkarni,1981-12-23,MTEWG9803O,"H.No. 27, Kala, Thane-708968",120000,Filed
PER00193,Riaan Manda,1982-10-15,BCJBL9901I,"H.No. 721, Bose Ganj, Jaunpur 176101",45000,Filed
PER00194,Prisha Kumer,1973-01-09,DAFWK4003Z,"72/590, Wadhwa Road, Kolhapur 769688",80000,Filed
PER00195,Charvi Kakar,1997-06-15,UEIZA6448M,"54/125, Sani Street, Rajkot 193803",45000,Filed
PER00196,Kiara Thaman,1999-02-23,NJBVM4170M,"93/923, Walla Circle, Farrukhabad 188196",0,Not Filed
PER00197,Elakshi Varkey,1975-08-02,RBIJL5983Z,"10/70, Kannan Zila, Amravati-298379",65000,Not Filed
PER00198,Zain Rana,1985-04-16,IMDAR0435O,"35/157, Dubey Road, Amaravati-475371",35000,Pending
PER00199,Nakul Subramanian,1997-06-06,ACYCK5464U,"H.No. 27, Sandhu Street, Panihati 693591",50000,Filed
PER00200,Mohanlal Seshadri,1967-11-28,BKYYZ6073L,"132, Agrawal Circle, Narasaraopet 474843",35000,Not Filed
PER00201,Shayak Sharaf,1967-07-28,GPKML7283N,"H.No. 94, Aurora Path, Imphal 440517",50000,Filed
PER00202,Shalv Samra,1982-02-14,IGKVJ2707A,"H.No. 114, Choudhry, Ghaziabad-449660",65000,Filed
PER00203,Kashvi Manne,2006-11-30,VJVXP7217S,"73/90, Setty Circle, Gwalior-474720",50000,Not Filed
PER00204,Vedika Hari,1964-12-26,NWYAB8357R,"43/093, Swaminathan Path, Surat 856158",65000,Not Filed
PER00205,Divyansh Cheema,1961-04-14,CBESH7417T,"389, Gade Circle, Allahabad 311654",120000,Filed
PER00206,Mamooty Rajagopalan,2006-10-15,PJXBN9323D,"61/693, Datta Circle, Jamalpur 841550",80000,Not Filed
PER00207,Akarsh Saxena,1959-01-05,JJNEA7643Q,"08/94, Ganesan Zila, Sikar 165559",35000,Filed
PER00208,Raghav Sahni,1961-06-02,MIXBQ1241I,"96/944, Ramakrishnan Street, Jodhpur-435477",50000,Filed
PER00209,Urvi Din,1988-01-10,DNRFZ3141Q,"17/598, Ramanathan Circle, Dhule-378516",50000,Filed
PER00210,Aaryahi Dey,1972-02-17,SKXIN2445V,"H.No. 85, Dada Road, Delhi 142671",65000,Not Filed
PER00211,Dhanuk Saraf,1963-12-28,KCPEV2085I,"53/25, Aurora Chowk, Dindigul 567711",0,Filed
PER00212,Badal Ganguly,1958-12-22,XZDPY6949W,"223, Devi Chowk, Muzaffarnagar-061613",45000,Filed
PER00213,Hunar Srinivasan,1990-12-18,WZGRS0402S,"18/28, Chowdhury Zila, Karnal-082053",80000,Filed
PER00214,Himmat Luthra,1983-11-22,CEDLE1970V,"29/940, Hayer Path, Rohtak 749519",65000,Filed
PER00215,Darshit Dixit,1982-10-14,GXDZR6282I,"92/242, Kaur Road, Akola 525626",50000,Filed
PER00216,Saksham Mammen,1991-06-12,FOZSM3087K,"H.No. 210, Bhatia Chowk, Sangli-Miraj & Kupwad 316792",35000,Not Filed
PER00217,Keya Issac,1987-04-27,HZNNS0319F,"95/087, Bera Nagar, Hyderabad 603747",65000,Pending
PER00218,Miraan Bains,1965-04-07,TRVQD3379M,"96/250, Dhaliwal Road, Vasai-Virar-028568",65000,Pending
PER00219,Anya Zachariah,1997-12-07,YYMPP0208M,"70/022, Ratta, Kumbakonam-129763",50000,Filed
PER00220,Myra Lad,1977-09-15,NSTXV3534Z,"H.No. 988, Agrawal Nagar, Ahmednagar-506930",45000,Filed
PER00221,Aarush Lall,2006-12-31,NEUFL6134J,"87/806, De Zila, Dehradun-626168",35000,Filed
PER00222,Samar Tella,1989-03-02,IRVDO3001L,"H.No. 67, Atwal Road, Ambattur 744478",45000,Filed
PER00223,Raghav Comar,2000-04-30,JQXXV6880V,"93/906, Krishnamurthy Nagar, Nandyal 362283",35000,Filed
PER00224,Samarth Badal,1999-01-31,TVSZU5582N,"95/68, Kaur Nagar, Asansol 635677",200000,Filed
PER00225,Sahil Sachar,1993-12-13,GSKBF3910T,"84/90, Datta Zila, Bhiwandi-646430",35000,Not Filed
PER00226,Taran Ahuja,1991-10-17,DVTIY4083W,"25/828, Malhotra Marg, Yamunanagar-794928",45000,Filed
PER00227,Baiju Shan,1958-10-19,EHNAG3084Z,"11/93, Rege Circle, Bokaro-909781",50000,Filed
PER00228,Aaina Bhat,2005-09-18,SFBBM0880Z,"H.No. 432, Bala Street, Dehradun 555630",0,Not Filed
PER00229,Onkar Kashyap,1996-02-18,FFQSZ4756N,"H.No. 95, Sawhney Street, Dharmavaram 691431",0,Filed
PER00230,Dharmajan Doctor,1968-09-17,ITHST4014G,"H.No. 17, Ravi Street, Amaravati 486571",200000,Filed
PER00231,Divij Boase,2003-07-08,XMBEG6321T,"H.No. 469, Singh Circle, Bidar-719199",50000,Pending
PER00232,Mehul Kant,1983-02-11,JAQEW5960E,"022, Setty Street, Tiruchirappalli 131447",0,Filed
PER00233,Manikya Din,1976-09-24,HWYQU9083O,"72/309, Dhingra Street, Durg 310049",50000,Filed
PER00234,Kiaan Vaidya,1959-12-28,OSTCZ7235T,"62/158, Hegde Chowk, Nizamabad 659996",65000,Filed
PER00235,Umang Kibe,1964-10-05,QCBOO6252J,"529, Keer Zila, Chapra 560753",200000,Filed
PER00236,Ira Madan,1965-05-11,FEFKA8481A,"30/878, Bal Ganj, Kurnool 042159",35000,Filed
PER00237,Emir Rama,1960-07-31,BAQJB9298C,"67, Sabharwal Ganj, Guntur 521122",50000,Filed
PER00238,Faiyaz Ravi,1976-11-16,LTYZR6457T,"942, Saini, Surat 559594",35000,Filed
PER00239,Rati Bose,1981-09-22,FFCMX4055B,"34/13, Varughese Chowk, Guntakal-398698",200000,Filed
PER00240,Azad Chaudry,1988-02-16,PVZFA4371X,"45/289, Dalal Nagar, Suryapet 918737",80000,Filed
PER00241,Kashvi Mangal,1994-01-06,GFHKJ2166V,"H.No. 107, Sura Road, Berhampur-447467",45000,Filed
PER00242,Gokul Dubey,1974-04-09,VAHRT1942F,"315, Lanka Chowk, Srinagar-066142",50000,Pending
PER00243,Arnav Apte,1999-03-02,QTOBT7252A,"37/098, Sood Street, Thrissur-938334",45000,Filed
PER00244,Pihu D’Alia,1966-06-23,UAFFU1663P,"020, Babu Zila, Shimoga-996184",35000,Filed
PER00245,Hiran Mall,1998-07-14,EKAZT8127H,"86, Chandran Circle, Aizawl 424528",50000,Filed
PER00246,Zaina Basak,1965-02-06,GLVZC0290T,"24/908, Seth Nagar, Kulti-275765",50000,Pending
PER00247,Kiara Vig,2002-08-04,NDNEN4502L,"60, Sampath Street, Kanpur 119963",45000,Filed
PER00248,Jivin Balay,1978-09-09,BJBWW0744C,"613, Raj Marg, Narasaraopet 365388",50000,Not Filed
PER00249,Romil Bava,1964-05-25,QGZBJ6306Y,"43, Sagar Circle, Pune-878625",65000,Filed
PER00250,Dhanuk Mall,1998-09-13,DFXSG4597A,"69/320, Grewal Circle, Munger-010373",80000,Not Filed
PER00251,Tushar Viswanathan,1979-12-07,WTCDT8039I,"76/351, Shroff Circle, Danapur-640854",35000,Filed
PER00252,Rhea Garde,1996-06-30,NYAGU7845Z,"57, Bajwa Nagar, Mathura 710739",200000,Pending
PER00253,Samiha Iyengar,1976-01-21,MLJBB3152Y,"H.No. 409, Rout Chowk, Saharanpur 021322",65000,Not Filed
PER00254,Khushi Singhal,2003-04-03,WBNQJ2753B,"46/634, Walia Zila, Bhilai 703619",45000,Filed
PER00255,Uthkarsh Sule,1976-10-13,TGAGP4684F,"H.No. 88, Bhargava Nagar, Moradabad-848782",0,Pending
PER00256,Misha Ahuja,1962-04-11,VDJWI3206H,"42/67, Kade Circle, Bhind 557767",35000,Filed
PER00257,Navya Soni,1985-10-25,CHCGC6991X,"92, Doctor Nagar, Tiruchirappalli-138008",65000,Not Filed
PER00258,Saira Chand,1990-08-15,MRINC5734B,"H.No. 21, Bala Chowk, Ichalkaranji-925819",50000,Filed
PER00259,Charvi Lall,1956-11-22,PIMVQ0470T,"H.No. 898, Hora Marg, Loni-576008",50000,Not Filed
PER00260,Divij Sankar,1964-06-30,SJYJP2827Z,"228, Borra Circle, Nagaon 442137",45000,Not Filed
PER00261,Kabir Lata,2006-12-26,AYIRI5100Z,"H.No. 96, Dixit Chowk, Vadodara-983850",50000,Not Filed
PER00262,Alisha Korpal,1968-05-29,XYJHY0769B,"632, Jha Path, Kavali-627449",80000,Filed
PER00263,Drishya Bhasin,1984-07-08,ALBMM6540C,"H.No. 411, Ganguly Ganj, Singrauli-110333",120000,Filed
PER00264,Arhaan Varghese,2005-03-13,BWICK4212D,"42/081, Dugar Circle, Ghaziabad-761018",65000,Pending
PER00265,Mohanlal Saraf,2006-07-06,MDRHB3267I,"47, Bandi Ganj, Gorakhpur 030871",50000,Not Filed
PER00266,Anika Zachariah,1963-06-11,TBAJP3296O,"72/71, Kanda Ganj, Chapra 612842",45000,Not Filed
PER00267,Jayant Chad,1984-03-15,NBESI6822F,"77, Krishnamurthy Road, Madanapalle-450942",45000,Filed
PER00268,Kanav Bera,1961-12-29,NTBBP8093R,"H.No. 85, De Zila, Pondicherry-432258",45000,Filed
PER00269,Zoya Sridhar,1979-08-21,VDCZB3180H,"06/20, Shanker Chowk, Asansol-114359",65000,Not Filed
PER00270,Aarush Dewan,1978-08-10,SFDXK2956V,"09, Saini, Darbhanga 149943",45000,Filed
PER00271,Divit Bobal,1976-09-04,DZZXB3905N,"H.No. 204, Sampath, Vadodara-687747",50000,Filed
PER00272,Jivin Sarma,1961-10-21,AZJNS4664E,"23/108, Sha Ganj, Pudukkottai-001067",50000,Filed
PER00273,Pari Bhasin,2000-12-22,SBDNT4854P,"92/82, Mane Road, Anantapur 449793",35000,Not Filed
PER00274,Abram Yogi,1991-08-21,XBHTB8277X,"84/290, Tara, Mira-Bhayandar-877360",80000,Not Filed
PER00275,Anahi Shankar,2002-04-21,VVKYZ9346I,"13, Chokshi Marg, Jalgaon-249615",45000,Filed
PER00276,Arhaan Bir,1983-10-09,RNRDI5131J,"H.No. 936, Lalla Marg, Tiruchirappalli 591022",65000,Not Filed
PER00277,Taimur Sahni,1984-11-26,UYNFY2455B,"50/444, Dube Circle, Asansol 875164",35000,Filed
PER00278,Aayush Toor,1995-04-18,GJAGO1921B,"31, Hegde, Gorakhpur 003962",50000,Pending
PER00279,Dhruv Gandhi,1975-07-01,FGHPW4370S,"92/837, Chakrabarti Ganj, Jabalpur-584426",80000,Filed
PER00280,Nehmat Anand,1991-06-19,CRFIJ3355P,"H.No. 48, Bhargava Street, Karaikudi 432930",65000,Filed
PER00281,Vanya Yohannan,2007-04-29,NFNIX7290B,"92/64, Khanna Nagar, Ratlam 031065",35000,Filed
PER00282,Sara Varty,1984-10-31,SVFTD1598U,"H.No. 568, Ravi Circle, Ujjain-635784",0,Filed
PER00283,Rohan Chaudry,1972-05-05,ZHTPE9645B,"99/56, Raval Street, Durgapur-349974",200000,Filed
PER00284,Gatik Khatri,1966-12-04,XGZDK9309C,"H.No. 047, Choudhury Path, Junagadh-563510",65000,Filed
PER00285,Tanya Sarma,1964-05-11,HUZST3590O,"H.No. 76, Golla Chowk, Hubli–Dharwad-310435",80000,Not Filed
PER00286,Riya Toor,1986-06-03,JNJOK5222H,"96/04, Chaudhary Chowk, Etawah-428880",45000,Filed
PER00287,Azad Sani,1999-05-03,UMEGI7616F,"H.No. 02, Rege Ganj, Raurkela Industrial Township-300528",45000,Not Filed
PER00288,Piya Krishnamurthy,1984-06-24,DXXZR0187W,"730, Ganesh Circle, Morbi 258774",65000,Not Filed
PER00289,Vritika Chaudhry,1989-02-18,DUEFC4108Z,"581, Edwin Marg, Noida 363930",80000,Filed
PER00290,Tiya Sagar,1965-09-26,DMDCB7285T,"256, Kulkarni Zila, Ramagundam 177769",0,Filed
PER00291,Riaan Raval,1973-05-18,EDGWR5201I,"77/372, Sur Street, Kishanganj-721100",35000,Not Filed
PER00292,Myra Badal,1987-11-30,RPECN9103A,"H.No. 45, Bail Circle, Kanpur-798653",80000,Filed
PER00293,Umang Kakar,1963-05-16,URPUG0496N,"535, Sandhu Road, Khammam-422482",45000,Filed
PER00294,Hiran Balasubramanian,1975-09-12,CTVRL9516N,"H.No. 144, Mani Circle, Begusarai 021442",65000,Pending
PER00295,Eshani Thaman,1964-03-17,FPAZO0530O,"H.No. 363, Varty Circle, Medininagar-070356",120000,Filed
PER00296,Saksham Bhagat,1986-03-30,IAUQM8712N,"84/95, Biswas, Bidhannagar 063553",45000,Not Filed
PER00297,Dhanuk Kaur,1989-11-04,BQMSG9480H,"11/164, Dixit, Mirzapur-231303",0,Not Filed
PER00298,Ishaan Barad,1961-12-23,GNPJK3227Q,"H.No. 995, Kumer Nagar, Amravati 950681",65000,Pending
PER00299,Sara Dasgupta,1971-06-23,MEWLB4621L,"H.No. 413, Shukla Street, Darbhanga 463969",65000,Filed
PER00300,Anaya Kothari,2000-06-04,UADSQ8738B,"H.No. 01, Wadhwa Marg, Jhansi 210018",35000,Filed
PER00301,Lakshay Amble,1964-01-22,ZMRFR7513F,"28/605, Dhar Road, Mango-762938",80000,Not Filed
PER00302,Shlok Karpe,1994-04-09,NWCPM8258Q,"75/469, Zacharia Ganj, Tiruvottiyur 560680",65000,Filed
PER00303,Advika Soni,1962-07-29,ZESXU7599J,"H.No. 02, Divan Nagar, Eluru 965870",35000,Filed
PER00304,Samar Chaudhari,1991-05-28,NEWIL3032P,"524, Divan Ganj, Naihati 602331",35000,Filed
PER00305,Ayesha Shan,2003-01-15,DSDLO2506U,"71, Malhotra Ganj, Haridwar 396188",45000,Filed
PER00306,Alisha Ranganathan,1990-06-06,DFFWP7641S,"H.No. 032, Sant, Karimnagar-793870",35000,Filed
PER00307,Zain Hayer,2003-08-15,FAUDT2644F,"548, Bhandari Road, Alwar-859129",0,Filed
PER00308,Aarav Chahal,1985-04-15,BMXMM4820W,"H.No. 81, Bhattacharyya Nagar, Deoghar-712623",50000,Filed
PER00309,Kismat Master,1999-07-22,BZGGK1549P,"56/59, Gulati Path, Rajahmundry 988821",35000,Filed
PER00310,Aaina Seshadri,1973-02-13,IRSQD8101R,"17/292, Bajwa, Davanagere-076531",65000,Filed
PER00311,Advika Vaidya,1993-02-08,OQLDR9500H,"57, Iyengar Zila, Solapur 865528",80000,Not Filed
PER00312,Divyansh Thaman,1978-10-16,UDAMT8054N,"28/485, Thaker, Panvel 543801",0,Filed
PER00313,Aarav Karnik,1968-01-31,BSZVF6625Q,"H.No. 506, Luthra Zila, Karawal Nagar-410570",35000,Filed
PER00314,Zeeshan Deshmukh,1965-03-29,FBLUX3077I,"69/189, Biswas Path, Hosur 989123",45000,Pending
PER00315,Jayesh Uppal,2004-08-27,PTRLJ3061P,"H.No. 92, Comar Ganj, Gangtok 284078",50000,Filed
PER00316,Chirag Bhatti,1983-06-28,XZMOD1536T,"200, Date Nagar, Chandigarh 163987",80000,Not Filed
PER00317,Mehul Shroff,1995-03-10,OXSBD9835E,"H.No. 89, Yohannan Ganj, Jamnagar-110442",35000,Not Filed
PER00318,Darshit Dayal,1984-01-21,HWZBX8270N,"04/623, Chopra Zila, Katihar-196776",65000,Filed
PER00319,Sahil Johal,1990-09-14,TIKNO6189C,"H.No. 767, Borra Zila, Anantapur 277773",200000,Filed
PER00320,Mishti Butala,1956-04-24,NMVCD5713E,"22/864, Mahal Road, Varanasi 561164",45000,Not Filed
PER00321,Madhup Bajwa,1968-04-08,PRYTI7857D,"463, Vyas Street, Dibrugarh-729381",45000,Filed
PER00322,Samarth Sharma,1985-01-05,TVGHM8859S,"57/51, Tara Chowk, Dindigul-545439",120000,Filed
PER00323,Mohanlal Raman,1981-03-03,TZQCG3365Y,"03/00, Dora Ganj, Malegaon 642957",50000,Filed
PER00324,Anvi Sarin,1962-12-30,BCFMU6119O,"H.No. 04, Lall Marg, Mango-689216",50000,Filed
PER00325,Nishith Banerjee,1978-07-01,KQBSR4139H,"H.No. 87, Soni Zila, Dindigul 525940",0,Not Filed
PER00326,Nirvaan Bumb,1962-08-22,QJPAR7694R,"13/58, Saran Road, Thrissur-849348",45000,Not Filed
PER00327,Piya Yadav,1977-05-19,PMMQI7038L,"25, Kashyap Road, Aurangabad-644609",45000,Filed
PER00328,Ela Ratta,1961-09-30,LAEEH7846H,"42/90, Chada Street, Bally 018341",65000,Filed
PER00329,Inaaya  Char,1979-06-01,OYPJQ5544I,"021, Choudhury Circle, Tiruchirappalli-694059",45000,Filed
PER00330,Ryan Bhandari,1957-10-20,AVUZW0466F,"74, Bhakta Path, Morbi 081646",35000,Filed
PER00331,Baiju Gopal,2004-07-30,JPSII5476Z,"522, Sahni Ganj, Nashik-618020",45000,Filed
PER00332,Lakshit Sabharwal,1990-10-26,TOCSF1069M,"208, Sibal Street, Guna-490708",80000,Filed
PER00333,Bhamini Lala,1993-07-18,MBVLQ1910V,"28, Ganguly Marg, Kalyan-Dombivli 970280",45000,Filed
PER00334,Charvi Sem,1991-08-19,FDTVF0294O,"31/11, Bains Path, Saharsa 147933",65000,Filed
PER00335,Nirvi Bhargava,1983-08-06,PCODT9872E,"12, Tailor Path, Korba 854839",35000,Filed
PER00336,Ivan Chandran,1969-05-30,ISKIM9243V,"10/14, De Marg, Bongaigaon-585299",80000,Filed
PER00337,Farhan Sastry,1972-02-29,XDTRA2919G,"526, Thakkar, Morbi 916877",35000,Filed
PER00338,Kiara Tara,2002-04-20,GXWNH2145B,"63/684, Srinivas Street, Miryalaguda 824791",50000,Filed
PER00339,Anya Kaur,1968-11-26,FLFQA7291S,"H.No. 20, Desai Nagar, Danapur 016578",45000,Not Filed
PER00340,Rati Dayal,2005-06-03,MZLTF8940E,"027, Contractor, Uluberia-520911",120000,Filed
PER00341,Damini Maharaj,1967-07-07,WDKAO8826K,"84/08, Boase Circle, Mehsana-934745",0,Not Filed
PER00342,Samaira Varughese,1993-10-25,TBDMQ9929X,"H.No. 488, Ravel Path, Vellore 675415",80000,Filed
PER00343,Oorja Jha,1976-08-12,MPTPH5510U,"H.No. 854, Choudhry Road, Katni-575881",50000,Filed
PER00344,Indrajit Ram,1966-05-30,CDSCM0813B,"H.No. 689, Dugal Zila, Kumbakonam-041559",45000,Pending
PER00345,Ira Jayaraman,2004-02-07,BHDZC1784K,"844, Kar Chowk, Chittoor-046298",65000,Filed
PER00346,Ishaan Kapur,1956-06-18,FVHTP8055F,"95/656, Sahota, Pune-613721",50000,Filed
PER00347,Mishti Raj,1976-05-04,PLPCD2100B,"H.No. 73, Raja Street, Karaikudi 364549",35000,Filed
PER00348,Aayush Mall,2007-05-21,OXNJG5401X,"86, Chauhan Ganj, Gaya 292705",80000,Filed
PER00349,Anvi Bala,2004-12-27,ZEHJC8939B,"871, Sur Zila, South Dumdum 914469",45000,Filed
PER00350,Anaya Bail,1985-07-19,MMFTR0960Z,"90/864, Kar Road, Miryalaguda-848830",50000,Not Filed
PER00351,Devansh Kar,1997-02-05,PZNGF9340U,"H.No. 758, Sekhon Marg, Kochi-088976",200000,Filed
PER00352,Advik Sastry,1964-03-01,BFFIA0959W,"H.No. 28, Hans Nagar, Ozhukarai-606854",50000,Filed
PER00353,Neysa Mannan,1965-12-22,HWJNV0593H,"H.No. 811, Seth Path, Mirzapur-351669",50000,Filed
PER00354,Zaina Kothari,1999-12-15,YRQQH9356B,"H.No. 667, Kunda, Gangtok-639175",200000,Filed
PER00355,Baiju Sood,1960-05-28,PQLYW8746G,"27/680, Batta Path, Katni 497840",0,Filed
PER00356,Saksham Vohra,2001-01-07,STDMU2029E,"34, Divan Ganj, Navi Mumbai 244319",65000,Not Filed
PER00357,Lakshay Salvi,1993-04-04,OMEAZ5359D,"46/44, Bajwa Marg, Kadapa 536080",45000,Not Filed
PER00358,Anika Lad,1982-02-17,KRFQW6169A,"66, Saran Street, Kumbakonam 860020",45000,Filed
PER00359,Aarav Chakrabarti,1971-04-18,IIZXP8981M,"565, Sundaram Path, Ghaziabad 218304",50000,Pending
PER00360,Zeeshan Ray,1962-07-07,NVMRE5807W,"95/862, Kalita Zila, Dehradun-871475",35000,Filed
PER00361,Saksham Kanda,1992-02-03,HWXQU1836O,"737, Anand Circle, Raebareli-986744",50000,Filed
PER00362,Trisha Kunda,1957-05-12,XUBAV3958M,"H.No. 245, Sharaf Zila, Moradabad 139099",45000,Filed
PER00363,Jayan Dhawan,2005-01-11,WPNJV2423Y,"69/994, Badami Road, Nagaon-902502",120000,Filed
PER00364,Nirvi Rajagopalan,1999-03-25,PJCZR5732Z,"75, Din Circle, Serampore 615609",45000,Filed
PER00365,Neysa Aggarwal,1994-09-07,UVOCP6229M,"H.No. 45, Barad Street, Rampur 125600",80000,Filed
PER00366,Ishita Gandhi,2005-05-29,FVBPJ1211I,"73/01, Buch Road, Udaipur-021644",35000,Filed
PER00367,Saanvi Bedi,1962-01-15,SOIJI1285B,"08, Ravi Marg, Mathura-424206",50000,Filed
PER00368,Rania Balasubramanian,1962-09-16,MAMFI4142B,"978, Chander Ganj, Kavali-232648",0,Filed
PER00369,Rania Som,1983-03-14,ZQBPV1473F,"72/46, Shukla, Chapra-957445",50000,Filed
PER00370,Vedika Kuruvilla,1992-07-09,HDVJY8515N,"73/63, Bajaj Street, Ajmer-066013",50000,Not Filed
PER00371,Akarsh Viswanathan,1977-06-27,TFAUH0306H,"20/09, Kurian Zila, Amaravati 146362",80000,Not Filed
PER00372,Yakshit Choudhry,2006-01-15,OAVLL3152Q,"55, Anne Road, Vellore 916005",50000,Filed
PER00373,Anika D’Alia,1981-05-08,ZGQQA3639Q,"47, Boase Chowk, Jamnagar 150819",120000,Filed
PER00374,Darshit Lata,1962-06-19,RJANU4330R,"H.No. 68, Srinivasan Path, Hospet-169278",35000,Filed
PER00375,Hazel Kumar,1987-12-13,HRJIS6055J,"11/671, Jain Path, Muzaffarnagar 996534",50000,Filed
PER00376,Yasmin Babu,1992-11-20,PFAPS0326O,"44/36, Bose Ganj, Mehsana-222188",50000,Pending
PER00377,Kaira Jayaraman,1958-06-29,WJQNT2068A,"H.No. 353, Dass Nagar, Salem 478853",65000,Not Filed
PER00378,Hazel Bobal,1960-05-25,WIUPJ9330U,"H.No. 78, Rama Zila, Bhilwara-838203",35000,Filed
PER00379,Yuvraj  Choudhry,1957-08-23,SAAZL7124I,"48, Bhandari Nagar, Shimla-981754",35000,Not Filed
PER00380,Hunar Ghosh,1973-06-07,YEGXH6667U,"73, Korpal, Jaunpur 721221",45000,Filed
PER00381,Sumer Jhaveri,1954-10-08,KLVAV3651A,"149, Bhatia Chowk, Chapra 671723",45000,Pending
PER00382,Shray Sha,1962-04-25,KXOBY8390W,"92, Kothari Circle, Vasai-Virar 152556",35000,Filed
PER00383,Parinaaz Bera,1997-04-06,TNNZG8430U,"26, Randhawa Road, Sirsa 368293",45000,Pending
PER00384,Shaan Kalita,1989-12-23,WUMPG6804C,"H.No. 750, Sarna Nagar, Amravati 682407",50000,Not Filed
PER00385,Aayush Dara,1976-02-04,XCTGL7087M,"58/83, Sandal Path, Kollam-328542",80000,Filed
PER00386,Rohan Karan,1955-11-28,PZJIZ3566X,"11/141, Loke Ganj, Dhule-957365",200000,Filed
PER00387,Seher Swamy,1959-08-28,ZWYHM4421R,"41/60, Joshi, Lucknow-481792",0,Filed
PER00388,Manjari Chakraborty,1983-05-07,VLUUU5922H,"H.No. 68, Kala Street, Tumkur-581977",0,Filed
PER00389,Suhana Ganguly,1995-08-20,WQICT4139X,"85/354, Tata Road, Khammam 050385",45000,Pending
PER00390,Ayesha Barad,1993-03-22,RKWLC7289L,"48, Srinivas Road, Shimla-749307",45000,Filed
PER00391,Devansh Jani,1961-04-16,DNTXO7046N,"H.No. 17, Gokhale Road, Nizamabad-756608",35000,Not Filed
PER00392,Anya Iyengar,1965-09-26,TNVGR4685P,"H.No. 86, Rajagopal Circle, Bangalore-405948",65000,Filed
PER00393,Prerak Chaudhry,2005-02-21,VVUEI1330O,"H.No. 22, Sunder Road, Nangloi Jat 451738",80000,Filed
PER00394,Vedika Varma,2003-01-25,ATTLY1104R,"95/17, Bhakta, Baranagar-874975",0,Filed
PER00395,Hrishita Savant,1999-12-02,JYXEM1939I,"H.No. 018, Zacharia Chowk, Rewa-971279",65000,Not Filed
PER00396,Dhanuk Barad,1982-06-14,IUPDM9320X,"41/672, Bose Chowk, Arrah-967259",45000,Filed
PER00397,Nehmat Dugal,1986-02-24,ZZCYW2529H,"51, Sampath Zila, Shimla 446555",45000,Not Filed
PER00398,Azad Srivastava,1979-06-21,ABMIV1018U,"40/39, Lala Zila, Rourkela-084091",35000,Filed
PER00399,Rati Lanka,1995-11-08,COVHZ3768W,"45/61, Sen, Begusarai 919813",45000,Filed
PER00400,Indrans Balasubramanian,2004-10-03,BOZER7831D,"57/299, Ghose Marg, Allahabad-820427",50000,Filed
PER00401,Alisha Bal,1977-04-23,QTCWQ3737V,"78, Lanka Path, Mira-Bhayandar 569832",65000,Filed
PER00402,Lakshay Borah,1957-12-13,FYFDR8624C,"70/206, Kurian Zila, Bikaner-053308",45000,Filed
PER00403,Anahita Kumar,1989-10-09,WTSLR3863I,"74/89, Batra Path, Bilaspur-892539",80000,Filed
PER00404,Arnav Yohannan,1967-02-15,HCNHE1770V,"24/232, Sama Path, Vadodara 326967",35000,Pending
PER00405,Jayesh Char,1964-01-07,UAFFB3582L,"34/153, Bhargava Marg, Miryalaguda-873996",50000,Filed
PER00406,Dhruv Vyas,2000-04-09,KPRWL5226X,"H.No. 600, Shankar Marg, Vellore 150166",45000,Filed
PER00407,Anya Sarraf,1956-07-28,DRWFA9934P,"25/986, Subramanian Marg, Vijayanagaram 360082",65000,Not Filed
PER00408,Lavanya Chaudhari,1977-11-14,NAUQM2052K,"95/26, Dutta Street, Patna 643334",45000,Filed
PER00409,Shayak Sundaram,1983-06-05,KYMQT7508I,"80, Sura Path, Kolhapur-505674",80000,Pending
PER00410,Dhanuk Bhandari,1969-08-25,SVEUD5608R,"H.No. 829, Keer Zila, Gandhidham 351352",80000,Filed
PER00411,Prerak Ravel,1977-07-17,XBJPI0297P,"13/36, Swaminathan, Kottayam-026869",45000,Not Filed
PER00412,Hridaan Kapoor,1974-08-25,HSXWV5174H,"09/824, Rao Road, Kollam 953539",45000,Filed
PER00413,Sahil Wable,1983-09-21,DFCXD2843M,"H.No. 96, Sachdeva Circle, Kurnool 154380",120000,Filed
PER00414,Biju Agrawal,1962-12-12,FRFTF1859C,"22/919, Bera Circle, Aligarh 338911",65000,Pending
PER00415,Indrajit Krishnan,1985-01-14,UPVJC4469H,"24/17, Bhavsar Path, Jodhpur 820558",45000,Filed
PER00416,Neelofar Bath,1979-04-13,OTAAR8657D,"H.No. 94, Bansal Street, Dhule 569862",50000,Filed
PER00417,Suhana Zacharia,2000-10-23,AIHYB3328R,"H.No. 759, Tank Street, Srikakulam 343308",200000,Filed
PER00418,Farhan Mandal,1984-11-24,TWJVT5822Z,"588, Sunder Road, Farrukhabad-487378",120000,Filed
PER00419,Rasha Majumdar,1966-12-28,JIIGU6327M,"34/32, Kaul Zila, Korba 453729",0,Not Filed
PER00420,Neelofar Dass,2001-02-09,QTCXX8940U,"233, Bhargava Ganj, Barasat 757796",35000,Not Filed
PER00421,Dhanush Agate,1995-08-30,VMRFN4881G,"018, Choudhry, Bhilwara-822322",120000,Filed
PER00422,Arhaan Magar,1988-09-15,BXPFU7350M,"13/637, Goyal, Jalna-391945",50000,Filed
PER00423,Yuvraj  Bail,1980-11-15,PCWFP2575P,"80/73, Sanghvi Zila, Bulandshahr-712282",45000,Not Filed
PER00424,Divit Dash,1958-11-25,EHIZJ1150Y,"H.No. 776, Shankar Path, Agartala 308799",200000,Not Filed
PER00425,Anay Vala,1977-05-15,BRKDV2675W,"H.No. 30, Dutt Marg, Purnia-670090",50000,Not Filed
PER00426,Bhavin Kant,1956-09-23,LNHNG9675S,"71/805, Kanda Chowk, Dhule-142280",45000,Filed
PER00427,Zara Gulati,1985-04-21,FVQRS2738G,"02/032, Sethi Street, Malegaon 306944",65000,Filed
PER00428,Miraya Ganesh,1966-07-31,QFRPR2591A,"84, Bera Path, Khora -212887",45000,Filed
PER00429,Zaina Som,1981-11-23,MLRAP8830P,"798, Ramakrishnan Ganj, Shivpuri-090054",50000,Pending
PER00430,Romil D’Alia,2003-11-27,KWBAV8966I,"029, Mander Chowk, Morena 704233",65000,Pending
PER00431,Shray Goswami,1991-09-05,OTPZM2655A,"58, Datta Path, Singrauli-070234",65000,Not Filed
PER00432,Ivan Grewal,2007-02-15,LAONT5870K,"57, Shukla Road, Ulhasnagar-435981",200000,Filed
PER00433,Manjari Sen,1982-10-25,FUMXT0123K,"71/47, Mann Circle, Morena 315344",35000,Not Filed
PER00434,Jayesh Devan,2004-09-21,DGNDA7028Q,"00, Bedi Circle, Thanjavur-136560",45000,Filed
PER00435,Drishya Khurana,1963-07-23,DVVGX3875L,"88, Borde Nagar, Rewa 021172",80000,Not Filed
PER00436,Dhanuk Johal,1955-04-02,PUKCH3476O,"794, Sur Ganj, Bhiwani 227695",50000,Pending
PER00437,Heer Deo,1963-10-26,DEFLE8552M,"H.No. 000, Ray Marg, Bidhannagar-537689",80000,Filed
PER00438,Kavya Shankar,1981-04-16,KGJCK4087A,"05/649, Dhillon Zila, Panchkula 034325",0,Filed
PER00439,Vedika Lata,1958-06-28,REXOY4655A,"62/95, Deol Chowk, Nandyal-209670",35000,Filed
PER00440,Rohan Gopal,1994-10-07,HSYWI9990Z,"595, Chopra Zila, Motihari 423709",50000,Filed
PER00441,Arhaan Desai,2002-06-13,UEQDN1674M,"560, Seth Circle, Ozhukarai-937026",65000,Filed
PER00442,Onkar Keer,1990-04-21,PEOQW1653F,"67, Varty Path, Kulti-748782",50000,Not Filed
PER00443,Purab Gade,1999-03-11,YYXKM7393M,"H.No. 005, Dutt Circle, Unnao-465875",35000,Filed
PER00444,Divyansh Chana,1988-08-14,YQKXF8173I,"38/11, Jain Zila, Ambattur-614052",50000,Filed
PER00445,Aaina Shenoy,1974-08-03,ICJHZ0299C,"94/982, Badal Nagar, Tadipatri 729576",35000,Filed
PER00446,Reyansh Garg,2003-07-22,EIWXP7610A,"H.No. 62, Gulati Street, Thiruvananthapuram 037317",65000,Filed
PER00447,Jivika Randhawa,1959-02-14,UDDPF6458F,"H.No. 089, Ghosh Marg, Serampore 563037",65000,Filed
PER00448,Ahana  Kamdar,1996-04-08,RCULC5305C,"47/83, Dhawan Road, Nizamabad-481486",65000,Not Filed
PER00449,Kiara Sagar,1974-03-01,LHNQS5135V,"25/224, Lanka Marg, Gorakhpur 250066",45000,Filed
PER00450,Shanaya Vora,1979-03-01,RJKTI4596N,"85, Chanda, Dehradun 125456",45000,Filed
PER00451,Miraya Bhakta,1958-06-20,EIAYD2617I,"H.No. 19, Dua Street, Ratlam 475503",65000,Filed
PER00452,Kabir Issac,1976-06-22,DXJGZ6510D,"78, Bose Street, Siwan-706524",50000,Filed
PER00453,Purab Chaudhary,1965-02-25,SFJGT9638A,"H.No. 95, Raman Chowk, Amravati 815694",80000,Pending
PER00454,Vedika Hayre,1999-06-11,OEIVG8726O,"95/132, Majumdar Marg, Guntakal 161254",80000,Filed
PER00455,Tarini Basu,1993-11-24,QWJXX3912D,"30/78, Dhaliwal Road, Dewas 788655",35000,Filed
PER00456,Advika Chhabra,1997-04-28,BMWKQ1014V,"H.No. 331, Kalla Chowk, Satara-724114",45000,Filed
PER00457,Suhana Saraf,2006-10-19,RZLER2103F,"314, Manda Circle, Guntur 040529",50000,Filed
PER00458,Charvi Chawla,1957-11-07,BVRCT7474O,"476, Soni Chowk, Jhansi-587213",80000,Filed
PER00459,Saira Dasgupta,1977-11-22,QETMX5858O,"88, Trivedi Ganj, Giridih 217436",120000,Filed
PER00460,Darshit Tella,1997-09-06,GKCPQ6024M,"208, Dani Chowk, Jalna-922943",65000,Not Filed
PER00461,Darshit Barad,2007-07-01,FFZWE8392P,"H.No. 338, Bath Zila, Bihar Sharif 890449",65000,Filed
PER00462,Ahana  Majumdar,1975-01-14,SRKVM4602D,"66, Vora Circle, Guna 354751",45000,Pending
PER00463,Kimaya Vyas,1980-10-26,XEHSE8458H,"71/40, Raman Path, Ramagundam-118292",65000,Pending
PER00464,Miraya Hayer,1990-06-30,VZLXF4761A,"H.No. 667, Dada Path, Mau-341391",0,Filed
PER00465,Divyansh Sachdeva,1979-03-03,ZUSDC5597Y,"44/700, Sura Nagar, Singrauli-933323",50000,Filed
PER00466,Indrajit Bhavsar,1990-09-29,EFQDX2729N,"666, Ramachandran Chowk, Kavali-396847",50000,Pending
PER00467,Pranay Dass,1960-03-10,WEPLY3533Z,"61/671, Vala Ganj, Junagadh-825900",35000,Filed
PER00468,Divyansh Bhatti,1974-10-29,MTIYB2829C,"H.No. 73, Bansal Road, Guwahati 727203",35000,Filed
PER00469,Bhavin Anand,1958-05-12,QJTLY9337K,"H.No. 98, Johal, Amritsar 970206",45000,Not Filed
PER00470,Hiran Bassi,1956-06-20,LYFFS9975O,"06/17, Shah Nagar, Vijayawada 561941",65000,Filed
PER00471,Himmat Lanka,1992-11-25,CBYZJ6629H,"44/748, Dua Ganj, Nagpur 746223",50000,Not Filed
PER00472,Raghav Dua,1993-07-17,WQNSR7799U,"H.No. 821, Dhawan Street, Madanapalle-377884",65000,Pending
PER00473,Akarsh Johal,1964-02-12,TYJYV0355C,"378, Swamy Street, Dibrugarh-846761",45000,Filed
PER00474,Dishani Bera,2004-05-12,ZLZYU8179P,"H.No. 17, Dewan Path, Sagar-210865",65000,Not Filed
PER00475,Ritvik Singh,1971-01-16,WXLSX1888U,"30/54, Soni Zila, Kolhapur-147452",120000,Filed
PER00476,Shayak Dutta,1996-03-02,KZYUM7794I,"802, Madan Circle, Rohtak-584544",35000,Filed
PER00477,Adah Sibal,1989-02-20,ZNWAB6087P,"H.No. 354, Srivastava Ganj, Gwalior 943706",0,Filed
PER00478,Bhavin Bhakta,1986-12-15,WGRFI4826M,"H.No. 519, Sinha Ganj, Nangloi Jat 598503",45000,Not Filed
PER00479,Zoya Manne,1992-05-13,WUALX7995K,"315, Bhatt Street, Chandigarh 438123",45000,Filed
PER00480,Himmat Bala,1963-05-05,JKUUQ3658C,"73, Malhotra Zila, Morena-358176",0,Filed
PER00481,Hridaan Bhatt,1965-07-21,YXREZ3825K,"71, Solanki Nagar, Serampore-079307",200000,Filed
PER00482,Raghav Bath,1957-03-08,BGKRX5100M,"12, Garg Marg, Patiala-109162",65000,Not Filed
PER00483,Tiya Sandhu,1988-08-07,DQOIB9093V,"H.No. 40, Bhardwaj Chowk, Udupi-255721",45000,Pending
PER00484,Anika Bhakta,1957-08-29,YMKRB3451S,"H.No. 620, Wable Road, Dhule-508093",80000,Filed
PER00485,Tejas Shukla,1955-01-04,DJYYB4730E,"H.No. 477, Vasa Nagar, Sikar 686187",80000,Filed
PER00486,Zara Behl,1954-11-28,FSKUK4219T,"32/236, Devan, Deoghar 922008",80000,Filed
PER00487,Vihaan Dhar,2006-05-23,ASPQF0212K,"57, Chandra Ganj, Sambalpur-640710",80000,Filed
PER00488,Lavanya Sen,1985-01-25,ZXJDU5123O,"H.No. 18, Bir Street, Ballia-551607",45000,Not Filed
PER00489,Amira Anand,1965-09-24,TDHKS7756U,"47/23, Bath Street, Baranagar 949247",200000,Filed
PER00490,Ivana Khalsa,1979-10-01,ZPJYF7958U,"81/871, Reddy Chowk, Uluberia 909258",65000,Filed
PER00491,Tara Biswas,1998-01-01,XMJMU2583M,"78/44, Tripathi Path, Surat 280867",45000,Pending
PER00492,Anya Butala,1966-02-10,GACNE9759F,"966, Vora Marg, Uluberia 568419",65000,Filed
PER00493,Mishti Madan,1971-03-04,EKWAY4957D,"H.No. 417, Aurora Zila, Agartala 692147",65000,Filed
PER00494,Jiya Biswas,1975-06-16,QZBMS7703J,"25, Chaudhuri Road, Jamalpur-101859",45000,Pending
PER00495,Riya Bora,1962-08-01,KFULT5688G,"73/90, Chand Ganj, Bangalore 679783",80000,Filed
PER00496,Hiran Buch,1964-07-06,FJSWM1322R,"663, Chand Circle, Naihati 433955",35000,Filed
PER00497,Jiya Jhaveri,1978-02-26,ANIVZ7480L,"33/70, Chaudhari Zila, Gudivada 114575",45000,Filed
PER00498,Devansh Luthra,2001-04-18,CWFFQ1327Z,"85/03, Khalsa, Guntur 882383",35000,Filed
PER00499,Reyansh Shah,1967-08-15,ZUHMF2559Y,"95/45, Mangat, Muzaffarnagar 012182",0,Not Filed
PER00500,Reyansh Rattan,1991-06-08,BJITS2906S,"H.No. 580, Lad Nagar, Orai 074524",45000,Pending
PER00501,Himmat Sidhu,1989-08-08,SCEVS6870X,"95, Hari Ganj, Karnal 201804",45000,Filed
PER00502,Samarth Gupta,1981-08-06,OSPCD3779O,"71/260, Sami Street, Akola 370238",50000,Filed
PER00503,Akarsh Chandran,1989-07-30,DELQP2695G,"H.No. 588, Chauhan Circle, Etawah-384306",35000,Not Filed
PER00504,Navya Ratta,1975-05-05,SYKCN0839M,"H.No. 916, Dhar Chowk, Dharmavaram-820352",45000,Filed
PER00505,Sumer Bandi,1985-07-20,BDIOH2939V,"802, Shroff Marg, Kadapa-104610",35000,Filed
PER00506,Armaan Swamy,1977-10-22,LWVCT8049F,"46, Aggarwal Road, Sasaram-631708",65000,Filed
PER00507,Ayesha Korpal,1962-12-06,EMDVA0594C,"488, Batra Street, Chandrapur-156662",35000,Filed
PER00508,Nirvaan Wason,2000-07-20,VBGFK6096F,"H.No. 992, Kashyap Nagar, Tadipatri-148505",120000,Filed
PER00509,Vivaan Mangat,1982-11-06,DHWTS9274N,"47/96, Yadav Marg, Jaunpur-109426",35000,Not Filed
PER00510,Kashvi Barad,2003-12-13,DLDSL0549W,"H.No. 275, Luthra Nagar, Raipur 946507",120000,Not Filed
PER00511,Aniruddh Chauhan,1966-12-31,KUEEM9439S,"01/937, Borde Road, Surendranagar Dudhrej 572064",50000,Pending
PER00512,Shamik Krishnan,1976-11-23,EKQWI9539W,"14, Sinha, Nashik-656603",65000,Filed
PER00513,Zain Loyal,1991-09-14,BEDJD9959Z,"90/389, Bhatt Ganj, Pali 950041",45000,Pending
PER00514,Vritika Kanda,2006-11-02,IIDZM1560P,"H.No. 297, Seth Zila, Jamnagar 113283",35000,Not Filed
PER00515,Tara Kala,1982-06-30,RDYVB5176Y,"H.No. 29, Shetty Marg, Khammam 598621",65000,Filed
PER00516,Tushar Saxena,1996-06-21,AJCVD5896O,"862, Sridhar Marg, Amaravati 147169",35000,Filed
PER00517,Zoya Bajaj,1990-09-29,OLRDQ8577J,"58/45, Soman Chowk, Loni 364710",80000,Filed
PER00518,Emir Wali,1972-12-31,RZPRM8945K,"H.No. 376, Batra Street, Bhopal-356913",45000,Pending
PER00519,Damini Cheema,1968-07-19,RCSCS2224R,"97, Yohannan Path, Satna 706139",35000,Filed
PER00520,Tiya Saran,1982-05-06,ZTRXU6027J,"542, Shukla Circle, Hyderabad 437037",45000,Not Filed
PER00521,Riaan Chanda,1994-09-24,ANARU1014W,"H.No. 416, Ratta Chowk, Raiganj 713120",45000,Not Filed
PER00522,Raunak Ben,1966-11-13,DOMLC8060O,"96/79, Ganguly, Bhilai-340552",50000,Filed
PER00523,Zoya Soni,1985-02-16,RTFEI0976D,"43, Randhawa Road, Dewas 699379",0,Pending
PER00524,Kanav Dasgupta,1994-04-04,RNLKN0102K,"H.No. 76, Vasa Circle, Malegaon 136532",45000,Filed
PER00525,Emir Karan,2000-02-02,BPZED4042K,"H.No. 92, Shah, Malda-514198",45000,Filed
PER00526,Ishaan Sathe,1977-09-28,JUMXF7641C,"99/266, Deol Road, Haldia 720947",35000,Filed
PER00527,Rasha Sekhon,1991-11-23,CCERL5838L,"62/46, Choudhry Chowk, Hyderabad-637650",45000,Not Filed
PER00528,Shray Iyer,1962-03-31,FROOB4211F,"002, Kala Nagar, Allahabad-067902",120000,Filed
PER00529,Alisha Lalla,1964-01-17,ANUCZ1626R,"85, Tailor Chowk, Belgaum 810027",120000,Filed
PER00530,Tara Tailor,1975-09-19,WMCTZ1651S,"H.No. 451, Yadav, Rourkela-961001",45000,Filed
PER00531,Divyansh Bir,1974-09-04,OYIFI7655Y,"286, Krish Path, Srikakulam 048931",65000,Filed
PER00532,Yashvi Kant,1963-08-15,QPWKJ4058I,"H.No. 13, Sachdev Ganj, Serampore-327525",35000,Filed
PER00533,Gatik Gour,1985-04-13,YWFOH4782W,"52/24, Tiwari Marg, Siwan-244145",45000,Filed
PER00534,Shayak Chand,2002-01-25,BTPST5142T,"11/84, Bhalla Road, Faridabad 566056",80000,Filed
PER00535,Onkar Batta,1970-07-22,WOGKZ4243V,"48, Rastogi Chowk, Jorhat-673398",65000,Filed
PER00536,Dishani Sachar,1985-11-11,RSVHW6123I,"60, Sarna Marg, Dindigul 558541",80000,Filed
PER00537,Krish Sahni,1960-04-30,HSJSL0125H,"45, Wali Street, Amroha 335883",35000,Pending
PER00538,Adira Sarin,1964-11-18,YJHSB3853P,"H.No. 97, Lal Nagar, Eluru 608573",35000,Filed
PER00539,Chirag Varty,1985-08-04,GQORV7187S,"88, Bahl, Tiruvottiyur 090887",45000,Filed
PER00540,Ryan Devan,1998-09-20,UYGKN4996M,"968, Ravel Path, Tirupati-159796",35000,Filed
PER00541,Biju Sandal,1997-10-24,OROFQ9400Z,"01/564, Sarin Ganj, Khora -547671",200000,Filed
PER00542,Yuvaan Kala,1988-02-12,PHCFZ5197J,"86/886, Magar Street, Bijapur-879183",65000,Not Filed
PER00543,Jiya Wadhwa,1994-08-14,GAROD6487R,"122, Loyal Road, Allahabad 939990",50000,Pending
PER00544,Vidur Wason,1962-11-26,GYQXV8189B,"H.No. 65, Sura Nagar, Satna-387761",200000,Not Filed
PER00545,Himmat Kurian,1984-07-26,TKATO0605H,"H.No. 998, Kulkarni Chowk, Ambarnath-346749",35000,Not Filed
PER00546,Anya Soman,1959-08-30,BBYNS6008D,"62/895, Mane Road, Hazaribagh 773042",50000,Filed
PER00547,Nishith Doctor,1998-01-15,KEYMZ5876O,"H.No. 54, Varkey Chowk, Tezpur-221031",80000,Filed
PER00548,Ahana  Dhar,2001-09-21,SIWEF2856F,"907, De Ganj, Imphal-456358",50000,Not Filed
PER00549,Pari Aggarwal,1960-02-13,NKVLF6717U,"38/87, Iyer Zila, Erode 297708",45000,Filed
PER00550,Khushi Cheema,1995-12-24,YBFPM9213G,"32, Sarna Circle, Tenali-731046",65000,Not Filed
PER00551,Himmat Kashyap,1979-01-14,TJFLN2557V,"01/78, Sastry Zila, Howrah 760044",45000,Not Filed
PER00552,Sara Biswas,1957-12-07,MGYKW2070P,"H.No. 393, Salvi Zila, Akola 385885",80000,Filed
PER00553,Anahita Jhaveri,1994-01-26,MADQS6108F,"38/756, Kar Nagar, Rourkela-015701",35000,Filed
PER00554,Aniruddh Dutt,2001-10-03,VCMUH4786B,"H.No. 19, Kari Circle, Singrauli 230523",50000,Filed
PER00555,Hridaan Mann,1961-12-06,TKWTK7031R,"94/640, Bandi Street, Bettiah-176036",45000,Filed
PER00556,Devansh Yadav,2002-12-30,FXWIS8373S,"84/087, Kala Zila, Kishanganj-321253",80000,Filed
PER00557,Priyansh Sibal,1980-06-01,DNSDD0799A,"H.No. 525, Gole Chowk, Kurnool 525063",35000,Not Filed
PER00558,Krish Hora,1985-04-19,QPKRG7246H,"04/962, Tella Nagar, Nagaon 812241",65000,Filed
PER00559,Divit Magar,1972-08-28,SMMXU5603G,"98, Uppal Path, Raichur 451836",120000,Pending
PER00560,Abram Choudhury,1973-04-28,NNQZE0475U,"81/219, Aurora Marg, Gangtok 912993",50000,Filed
PER00561,Hridaan Bali,1985-11-05,PRFJQ3363U,"H.No. 695, Wagle Street, Kochi 913981",50000,Filed
PER00562,Gokul Vaidya,1964-04-14,GKLQX4324S,"H.No. 26, Sama Chowk, Bhubaneswar 784553",50000,Filed
PER00563,Dhanush Lalla,1958-09-16,HDUEO1084E,"10/819, Dara Ganj, Chandrapur 979474",50000,Filed
PER00564,Adira Sami,1961-04-30,CCZFD8302A,"87/802, Sachar Ganj, Kolkata-427596",45000,Not Filed
PER00565,Aaina Hegde,1960-04-17,DBXTG9172F,"10/235, Maharaj Marg, Orai-650309",200000,Filed
PER00566,Ojas Chauhan,1971-03-23,EPXTC5213E,"088, Singh Nagar, Berhampur 972467",65000,Filed
PER00567,Rania Dada,1989-06-07,BGNBE0812R,"H.No. 13, Chokshi Road, Jhansi-210954",45000,Filed
PER00568,Saanvi Ghosh,1962-08-19,FZYLY1695V,"19/69, Salvi Ganj, Ghaziabad-663112",50000,Not Filed
PER00569,Rania Sha,1968-04-18,TEDZR8682V,"62/416, Warrior Marg, Faridabad-997179",35000,Filed
PER00570,Shamik Chatterjee,1967-09-09,BYVUE7196P,"31/36, Vala Road, Tirunelveli 834801",45000,Pending
PER00571,Miraya Bali,1991-01-29,CAXFR2894O,"98, Luthra Path, Madhyamgram 681532",65000,Filed
PER00572,Suhana Dar,1972-01-05,SMRDE3026Y,"843, Yadav Street, Bhiwani 224657",65000,Filed
PER00573,Alisha Chaudhuri,1970-05-16,DSQMG6759K,"44/553, Mander Nagar, Bijapur-286059",35000,Not Filed
PER00574,Mamooty Dutta,2006-07-31,ICOFJ0425N,"H.No. 92, Bail, Mirzapur 198468",80000,Filed
PER00575,Bhamini Sridhar,2002-10-23,EYNZK5062G,"H.No. 195, Sahni Street, Silchar-953287",65000,Filed
PER00576,Rohan Kari,1974-05-15,DMQNV2252H,"94/08, Golla Zila, Sikar 301629",35000,Filed
PER00577,Fateh Sastry,1991-02-11,XZSDJ2297M,"H.No. 19, Bhatti Marg, Bettiah-712224",35000,Filed
PER00578,Ayesha Ahuja,2004-02-08,RWMLV1379E,"537, Doshi Zila, Berhampur-388238",45000,Filed
PER00579,Sara Sem,1983-05-28,MNRFY2854Y,"40/99, Sama Ganj, Machilipatnam-173324",0,Filed
PER00580,Hazel Yadav,1975-07-29,WXTFN4256Y,"37/972, Ghose Nagar, Amravati-121695",50000,Not Filed
PER00581,Kismat Dash,1973-09-24,AVMCZ4155V,"H.No. 600, Chacko Marg, Nandyal-755439",65000,Pending
PER00582,Advika Shanker,1979-02-08,CGIBO8346H,"H.No. 960, Dubey Nagar, Phagwara-603985",0,Filed
PER00583,Purab Suri,1990-05-18,LKQSN0498E,"846, Gokhale Path, Nashik-561770",45000,Pending
PER00584,Rohan Dash,1957-12-29,RBJQV8591I,"H.No. 976, Choudhary Street, Tadepalligudem-695955",35000,Filed
PER00585,Priyansh Kale,1955-07-29,QGXPM9459E,"24, Bhagat Nagar, Bahraich 626222",65000,Filed
PER00586,Shray Mani,1978-05-22,WUSOL2883E,"992, Chopra Nagar, Dibrugarh 376984",35000,Not Filed
PER00587,Rhea Loyal,1999-04-19,XSSPX8079I,"12/588, Karan Road, Bidhannagar 507856",35000,Filed
PER00588,Samiha Bava,1995-06-21,YAODC7952N,"925, Babu Nagar, Kalyan-Dombivli 320036",65000,Filed
PER00589,Rhea Bhagat,1978-04-29,AFQGD3552I,"75/989, Bhakta, Kulti-995227",65000,Not Filed
PER00590,Eshani Biswas,1980-04-24,JTXOU8286Y,"H.No. 132, Butala Nagar, Sambalpur-647503",50000,Filed
PER00591,Pari Trivedi,1970-05-08,PWQGT6968V,"14/123, Saran Zila, Ajmer 375895",50000,Filed
PER00592,Indrajit Ramaswamy,1974-04-28,WTTSK1592K,"96/32, Datta Road, Varanasi 930704",200000,Not Filed
PER00593,Vritika Arya,1990-08-05,DYUKN9284W,"H.No. 875, Khurana Ganj, Ambala 450933",50000,Filed
PER00594,Anay Yohannan,1959-11-14,ZKEXH8976W,"24, Biswas Ganj, Satara-739010",45000,Filed
PER00595,Misha Grover,1987-10-09,YVPKL2609Q,"42, Gaba Street, Warangal 806751",80000,Filed
PER00596,Advik Jha,2001-07-03,HBEER6488V,"06/86, Seshadri Circle, Hajipur 805309",65000,Filed
PER00597,Keya Sura,1979-09-15,CAOIP7794Q,"76, Kant Ganj, Guntakal 383102",35000,Filed
PER00598,Ranbir Garg,1973-06-30,BQZLU8944R,"82/16, Sule Road, Jaunpur 286988",35000,Filed
PER00599,Romil Contractor,1978-03-30,WSAKT7926Y,"H.No. 502, Bala Circle, Bidar-266401",35000,Not Filed
PER00600,Priyansh Srinivas,1954-09-01,YNTSU5411W,"H.No. 33, Chand Path, Pune-904858",45000,Filed
PER00601,Anahita Krish,1991-05-02,VXXYJ3117E,"H.No. 367, Gola Circle, Bongaigaon-260014",50000,Filed
PER00602,Vaibhav Sarma,1960-04-28,IBAIN1905N,"65, Grover Path, Vasai-Virar-583111",35000,Not Filed
PER00603,Elakshi Gokhale,1973-01-04,JXGQX2955K,"H.No. 690, Rana Street, Mahbubnagar-220613",35000,Not Filed
PER00604,Yashvi Mammen,1956-08-13,FVTHD9140G,"H.No. 75, Comar Road, Rewa 267713",200000,Filed
PER00605,Manikya Sura,1961-03-10,JEBHI8395X,"H.No. 58, Bala Chowk, Hazaribagh 606708",45000,Filed
PER00606,Eshani Gill,2005-02-08,UZEOS6369Q,"25/28, Aggarwal Marg, Raurkela Industrial Township-135279",80000,Filed
PER00607,Mishti Sanghvi,1964-02-10,HXUXP9862J,"14, Bhat Ganj, Bidhannagar 507929",50000,Filed
PER00608,Lagan Shetty,1972-12-26,UQZBW5589M,"508, Ghose Street, Vadodara 749995",35000,Filed
PER00609,Badal Grover,1995-11-01,JUFVE5108S,"H.No. 77, Ganesh Chowk, Pallavaram 809283",50000,Filed
PER00610,Ishaan Bobal,1960-10-01,NUJLK7137Q,"675, Ray Nagar, Nadiad 193411",45000,Not Filed
PER00611,Pari Bali,1995-08-21,NKDKA3041N,"67/086, Ramakrishnan Chowk, Madurai 191170",80000,Filed
PER00612,Shray Basak,1976-11-16,BFGLZ5993K,"242, Bose Path, Udupi 236480",80000,Pending
PER00613,Priyansh Soni,1981-10-27,ITTPS8939Y,"068, Sundaram Path, Amroha-363128",50000,Filed
PER00614,Kavya Balakrishnan,1960-12-18,JRTHH2201U,"18/66, Malhotra Nagar, Ranchi 657381",45000,Filed
PER00615,Shamik Krishna,1964-07-18,WZINV2790Z,"67/20, Swaminathan Nagar, Madhyamgram-792297",65000,Filed
PER00616,Piya Dhar,1999-11-27,ZUYFU6896M,"939, Uppal, Bidar 780555",0,Filed
PER00617,Anay Rajagopalan,1977-06-22,CLTVI5520O,"25/299, Sama Path, Katni-100903",50000,Pending
PER00618,Trisha Subramanian,1954-11-26,KFSRX2081I,"H.No. 91, Sachar Marg, Panipat-020685",35000,Filed
PER00619,Romil Chadha,1964-11-01,UJQEY9745A,"14, Bhakta Circle, Erode 887090",200000,Filed
PER00620,Urvi Bains,1984-12-16,IBUZE8691I,"063, Bose Circle, Sagar 376932",35000,Filed
PER00621,Ishaan Dugal,2001-11-28,SNBFC8582R,"43/993, Wali Zila, Gulbarga 638275",45000,Not Filed
PER00622,Shayak Ramesh,1959-12-07,MUAFB0918E,"761, Sheth Path, Hospet 213665",35000,Filed
PER00623,Trisha Bava,1969-04-28,UCCUS8721W,"H.No. 51, Sarma Ganj, Bhavnagar-682022",45000,Filed
PER00624,Navya Wali,1988-12-24,PVPBS8192F,"96, Sehgal Marg, Gorakhpur-259136",35000,Not Filed
PER00625,Dhruv Zacharia,1976-10-26,MMSVO4994B,"997, Reddy Street, Bahraich 355514",0,Filed
PER00626,Shamik Khanna,1976-05-21,JVPCT2833G,"H.No. 001, Vohra Nagar, Baranagar 826046",45000,Filed
PER00627,Onkar Krish,1966-05-31,VECHK9166B,"H.No. 30, Behl, Satna-496033",35000,Not Filed
PER00628,Madhav Bhakta,1962-09-28,VFABQ8597H,"92/468, Barman Path, Guntur 283159",80000,Filed
PER00629,Hrishita Gala,1973-05-23,XDEOL8988A,"09/798, Dora Marg, Chennai-071709",35000,Filed
PER00630,Ryan Seth,1962-12-31,RRHSH3840I,"H.No. 801, Sami Zila, Avadi-155978",45000,Filed
PER00631,Yuvaan Chhabra,1993-11-07,RVSQH9201U,"H.No. 14, Sastry Marg, Karawal Nagar-006727",45000,Filed
PER00632,Vidur Chana,1957-12-22,EYSTJ5235R,"56, Krishnan Circle, South Dumdum-450733",200000,Filed
PER00633,Dishani Atwal,1998-04-10,YGCHP4001S,"H.No. 83, Tank Marg, Tumkur 340311",50000,Filed
PER00634,Tiya Sathe,1976-04-18,JCATD8499J,"H.No. 27, Kannan Path, Hospet 333919",50000,Filed
PER00635,Diya Agate,1986-06-15,HSXTY4563S,"24/18, Reddy Ganj, Pallavaram 096497",35000,Filed
PER00636,Hiran Chacko,2000-03-11,HTPPX0214I,"76/767, Comar Path, Bilaspur 992725",50000,Pending
PER00637,Dhanush Halder,1971-07-18,XFWAH1520D,"H.No. 714, Sur Street, Sikar 309101",80000,Pending
PER00638,Raunak Dube,1978-12-29,SAUAK6486I,"H.No. 418, Thakur Road, Ramgarh-138263",65000,Filed
PER00639,Dishani Dora,1970-09-03,CRBXE0342W,"43, Rout Marg, Jaunpur-308053",200000,Not Filed
PER00640,Jivin Sura,1996-05-23,KBREB9855B,"H.No. 21, Issac, Akola-401238",45000,Not Filed
PER00641,Anahita Sastry,1964-02-26,DGIIP6721R,"H.No. 78, Bhattacharyya Chowk, Bhiwani-940427",35000,Not Filed
PER00642,Saira Butala,1985-01-01,CGGPQ1282T,"19/180, Bhandari Ganj, Pimpri-Chinchwad-743581",50000,Filed
PER00643,Parinaaz Mangat,1999-11-30,EIJUD6637N,"70/36, Gole Marg, Bijapur-412376",200000,Not Filed
PER00644,Vedika Kamdar,1988-09-11,DKPHG5716A,"H.No. 42, D’Alia Zila, Bongaigaon-622773",45000,Filed
PER00645,Aayush Raju,1999-12-27,WMFCJ8031L,"23/691, Jayaraman Circle, Karnal-434159",50000,Not Filed
PER00646,Veer Chawla,1999-06-26,NSCLL7671R,"H.No. 152, Walia Chowk, Nagpur 571361",50000,Filed
PER00647,Diya Saini,1965-05-13,ADIWA1737E,"542, Kata Marg, Jalandhar 809870",35000,Filed
PER00648,Ishita Gera,1962-03-15,FTUCL2413V,"96/57, Comar, Gudivada-660844",0,Pending
PER00649,Bhamini Kamdar,1997-03-26,XEHCJ8793P,"25/24, Dewan, Rajkot 147543",200000,Filed
PER00650,Riya Aggarwal,1977-12-17,AIKFP1781U,"H.No. 681, Sanghvi Path, Proddatur 208862",200000,Filed
PER00651,Miraya Bhatia,1983-07-21,SLOPT9296I,"H.No. 24, Contractor Circle, Bidar 314023",50000,Filed
PER00652,Nitara Seshadri,1985-11-21,THTXP6418Y,"H.No. 458, Soman Nagar, Jamshedpur 872705",35000,Filed
PER00653,Taran Bains,1960-02-10,AOTJC9920K,"82, Kapoor Road, Phusro-688067",0,Not Filed
PER00654,Nakul Ray,1986-10-07,RFSFX0163A,"19/55, Sarraf Road, Jamnagar-009367",50000,Filed
PER00655,Taran Sachdeva,1981-11-09,UYURT1401L,"685, Sridhar Chowk, Bidar-958110",80000,Filed
PER00656,Diya Choudhury,1969-01-03,QSESB4558A,"H.No. 72, Gera Street, Kottayam-329975",200000,Filed
PER00657,Aaryahi Chana,2006-01-26,DGUDE0249Q,"686, D’Alia Marg, Kochi 755981",65000,Filed
PER00658,Riaan Thaker,2002-06-25,AFAZQ7778F,"60, Krishnamurthy Nagar, Davanagere-472896",45000,Filed
PER00659,Divij Sandhu,1958-08-12,VURNL6165F,"528, Mane Circle, Farrukhabad-032223",65000,Filed
PER00660,Zaina Madan,1983-05-21,MYPNI7030X,"H.No. 809, Rao Nagar, Lucknow-602524",45000,Not Filed
PER00661,Aradhya Sunder,1997-05-27,MAORO9163T,"H.No. 842, Boase, Sambalpur-226014",80000,Not Filed
PER00662,Hrishita Issac,1999-01-03,AGEUS8810H,"53/751, Sahni Street, Raebareli 485128",50000,Filed
PER00663,Gokul Kumar,1976-06-14,LKGUI3269K,"H.No. 651, Hegde Road, Tiruvottiyur-475723",50000,Filed
PER00664,Lakshit Toor,1993-03-01,KJFAM2235V,"H.No. 40, Saini Nagar, Srinagar 152898",65000,Pending
PER00665,Baiju Chaudhary,2002-03-04,ZIVBT5981A,"H.No. 69, Kala Path, Panihati 639291",45000,Filed
PER00666,Priyansh Boase,1968-11-20,TTUIX6578F,"83/25, Bumb Path, Howrah-684215",65000,Filed
PER00667,Kismat Hayer,1990-10-11,CDOWG4494T,"65/09, Kashyap Street, Allahabad-623343",65000,Filed
PER00668,Hridaan Bakshi,1975-08-22,ONWFP0001T,"63/87, Srinivasan Nagar, Gudivada 565850",50000,Filed
PER00669,Ivan Dhillon,2000-03-24,MMIRF6795K,"62, Sachdeva Marg, Sambhal-750364",65000,Filed
PER00670,Neysa Hegde,1955-12-29,GCPXO7548N,"H.No. 79, Bera Ganj, Thane 757485",45000,Filed
PER00671,Jayan Rastogi,1960-04-11,KQTEE2469G,"94/784, Devan Path, Haldia-346247",45000,Not Filed
PER00672,Aarna Arora,2004-06-18,WUDME9570O,"H.No. 401, Halder Chowk, Ambattur-621479",35000,Filed
PER00673,Akarsh Dora,1984-05-18,QKIXF4689C,"H.No. 99, Dave Ganj, Tinsukia-931727",50000,Filed
PER00674,Sana Warrior,1985-04-04,BUMUC2839U,"H.No. 298, Mammen Marg, Pune 114485",80000,Filed
PER00675,Indrans Mahal,1978-01-28,HAQMR8503O,"12/318, Dhar Circle, Tiruchirappalli 293516",45000,Filed
PER00676,Tushar Acharya,1990-01-15,NZAER5834Q,"H.No. 590, Bala Marg, Bhagalpur-976749",45000,Not Filed
PER00677,Vivaan Bala,1955-03-17,PFTBO0819G,"30, Arya Road, Karimnagar 922877",0,Filed
PER00678,Keya Trivedi,2007-07-14,ZUJJC8053L,"H.No. 220, Dhingra Marg, Saharsa-640785",35000,Filed
PER00679,Zain Luthra,1992-06-26,RTYWQ6111X,"45/969, Vora Path, Raipur-019393",35000,Pending
PER00680,Hrishita Ramaswamy,1980-06-28,CUIAP1040M,"08, Sibal Nagar, Chennai-517997",65000,Pending
PER00681,Armaan Bahri,2000-08-05,PACXM3632T,"06/879, Lalla Circle, Vadodara 148096",200000,Filed
PER00682,Himmat Sharma,1986-05-15,UREEU0860K,"H.No. 76, Balan Zila, Amritsar-039303",45000,Filed
PER00683,Divit Kamdar,1961-05-23,IBDOT0828D,"003, Sehgal Circle, Sri Ganganagar 634395",80000,Filed
PER00684,Anahita Bora,1977-11-15,NRRML6624O,"01, Batta Ganj, Tiruvottiyur 478212",65000,Not Filed
PER00685,Veer Ahuja,1976-04-21,UFTQB2688B,"H.No. 140, Chokshi Circle, Nizamabad-493937",50000,Filed
PER00686,Yasmin Dey,1958-01-18,IPUWV4280B,"88, Bhatti Path, Asansol-217663",35000,Filed
PER00687,Shanaya Loke,2006-08-24,FKSVP4372Q,"89, Anand Zila, Bhopal-574717",35000,Not Filed
PER00688,Kabir Kale,1970-01-04,INKSY2304Y,"181, Jaggi Road, Buxar-232303",45000,Filed
PER00689,Mannat Kala,1966-10-31,QIOKT8759R,"26/275, Sur Road, Kurnool-360521",80000,Filed
PER00690,Urvi Kuruvilla,1980-10-02,BGSLZ9066S,"26/524, Dara Road, Unnao 379014",50000,Pending
PER00691,Samiha Sethi,1965-12-17,IUQAQ3902L,"H.No. 918, Behl Chowk, Dehradun 696883",65000,Filed
PER00692,Rati Majumdar,1988-11-21,LPVFF4700I,"H.No. 521, Varkey Street, Maheshtala-453763",35000,Filed
PER00693,Drishya Baria,1963-09-29,XFBUO4675O,"383, Balasubramanian Ganj, Hindupur-094324",45000,Filed
PER00694,Zoya Seshadri,2006-04-25,MKCDB3889O,"33, Baria Circle, Gaya-702847",120000,Filed
PER00695,Darshit Johal,1982-05-16,XRYAI4573E,"H.No. 13, Arya Zila, Amroha 676121",35000,Filed
PER00696,Parinaaz Chokshi,1960-10-05,ZCTZO3304E,"17/26, Mammen Ganj, Dharmavaram-633180",50000,Filed
PER00697,Vardaniya Sha,1992-12-19,XRFZW1566B,"H.No. 928, Kale, Delhi-034683",35000,Filed
PER00698,Kimaya Maharaj,1996-07-28,CHDHE9305A,"74, Loke Nagar, Vellore-479858",35000,Filed
PER00699,Mohanlal Deol,1969-01-27,GZTSU8798M,"H.No. 80, Goyal, Kollam-557020",35000,Filed
PER00700,Jivin Shankar,1960-09-21,MVVZS8773P,"83/39, Varkey Marg, Navi Mumbai 326664",65000,Pending
PER00701,Hunar Chad,2003-08-16,ZJNYY5671P,"H.No. 423, Kumer, Gwalior-172437",50000,Not Filed
PER00702,Taimur Loke,1992-04-14,TJGZI4799T,"11, Bobal Street, Avadi 158308",65000,Filed
PER00703,Siya Tella,1968-10-30,WEIHU0640H,"54, Sahota Circle, Nellore-844293",35000,Filed
PER00704,Hazel Char,1959-07-25,ERSNU3113R,"187, Bora Zila, Nagaon-726679",50000,Not Filed
PER00705,Zeeshan Sur,2007-02-05,EBRNR2887H,"44, Date Circle, Karimnagar 826876",50000,Filed
PER00706,Navya Bobal,1979-06-05,HMSMG8613V,"45, Subramaniam Street, Pimpri-Chinchwad 199079",45000,Not Filed
PER00707,Drishya Banik,2006-02-07,DTOBO7201H,"H.No. 824, Johal Zila, Tumkur 863004",35000,Filed
PER00708,Dhanush Edwin,1967-07-05,XIBPH3119D,"H.No. 195, Sarma Road, Morena 465664",45000,Pending
PER00709,Miraan Lad,2006-12-09,ZODWH8252I,"H.No. 569, Balakrishnan Path, Dhanbad 678761",50000,Not Filed
PER00710,Amani Kumar,2004-07-15,PIQEM3073C,"H.No. 017, Basak Road, Gudivada 291614",45000,Filed
PER00711,Prisha Mall,2001-04-30,ZJNKU1626A,"01/959, Dhingra Chowk, Mumbai 443054",50000,Filed
PER00712,Nehmat Manda,1990-06-29,KGFYQ9607M,"49, Din Zila, Shimla-440347",200000,Filed
PER00713,Raunak Sawhney,1980-08-22,ZBDKN4877W,"91/142, Kant Zila, Sri Ganganagar 225346",0,Filed
PER00714,Kanav Agrawal,1970-01-24,KTAYR1476A,"72/52, Date Marg, Jalandhar-298779",65000,Filed
PER00715,Raghav Kapoor,1986-11-05,PDVDS1581K,"H.No. 42, Sharma Road, Panchkula 943646",50000,Pending
PER00716,Rati Solanki,1977-10-16,MOCTM7994R,"304, Soni Nagar, Bangalore 495172",0,Filed
PER00717,Vanya Bhavsar,1975-06-02,FCRPU7635T,"042, Bala Path, Nagaon 964003",80000,Not Filed
PER00718,Anay Maharaj,1963-07-08,DOBMO7655Q,"22/742, Sinha, Barasat 148546",45000,Not Filed
PER00719,Mehul Kapoor,1979-10-08,SGAKJ7427G,"84/696, Chaudhary Ganj, Nashik-368559",45000,Filed
PER00720,Bhavin Wali,1980-06-02,SMYSA7353A,"25/444, Thaman Zila, Bidar-211271",45000,Filed
PER00721,Jayant Sekhon,1980-07-26,DAMXD9706D,"88/83, Chopra, Ulhasnagar-046165",120000,Filed
PER00722,Sumer Doctor,1969-09-30,OSJVV2833N,"70, Taneja Road, Chennai 052295",0,Not Filed
PER00723,Aayush Goyal,1977-04-06,TZOGM8233O,"80/75, Bandi Ganj, Firozabad-000330",45000,Pending
PER00724,Diya Kurian,1978-04-12,LDSGJ5297R,"H.No. 46, Lanka, Malegaon 048706",50000,Filed
PER00725,Sara Maharaj,1995-11-18,LFVIR9536P,"09/617, Din Marg, Madhyamgram 204347",45000,Filed
PER00726,Suhana Thakkar,1955-07-01,XUCTK1645M,"18, Das Chowk, Bettiah-096045",45000,Not Filed
PER00727,Jayesh Johal,1985-03-01,OCXRR4758H,"68, Ratta Path, Guntakal-219780",35000,Pending
PER00728,Misha Thaker,1977-07-09,DPJXZ9671L,"78/846, Deo Chowk, Sagar-627108",65000,Filed
PER00729,Gatik Kara,1973-12-29,LQJRT8750D,"59/79, Khurana Nagar, Tezpur-891503",0,Filed
PER00730,Vanya Kamdar,1987-09-22,QGVDM0816S,"H.No. 81, Desai Nagar, Serampore-270669",45000,Filed
PER00731,Rasha Salvi,2003-12-03,CLUOD4957Q,"52/79, Sarkar, Sambhal-351199",45000,Pending
PER00732,Miraya Srinivasan,1974-10-23,DCYFL7212A,"09, Tank Circle, Ramagundam-522720",120000,Filed
PER00733,Vaibhav Dar,1998-03-18,SMUBM5304W,"296, Chana Ganj, Mehsana-288723",120000,Filed
PER00734,Advika Balay,1991-02-03,EPKPC8861K,"H.No. 62, Bedi Road, Bhilai 213906",80000,Not Filed
PER00735,Inaaya  Deol,1958-06-14,BJGBL9241H,"H.No. 364, Barad Path, Chittoor 857367",80000,Filed
PER00736,Sara Bir,1966-03-11,QBTPV3266Z,"H.No. 04, Sama Path, Kozhikode-512256",120000,Filed
PER00737,Aarush Sahota,1967-12-05,EIIXQ5320K,"H.No. 408, Sachdeva, Delhi 359223",45000,Filed
PER00738,Aaina Balasubramanian,1987-07-06,ZVHXT9535L,"544, Maharaj Zila, Gopalpur-231026",80000,Filed
PER00739,Hridaan Dua,2002-01-03,KGRPG4468R,"H.No. 679, Bains Path, Gulbarga-438981",50000,Pending
PER00740,Hazel Bath,2003-04-16,DRKFX6035Z,"53/985, Kohli Zila, Nanded-204255",45000,Not Filed
PER00741,Divij Shan,2005-07-28,VACQT3449C,"85/509, Kara Chowk, Akola 280878",45000,Filed
PER00742,Seher Varma,1975-02-12,HYFBF7782Q,"33/085, Master Ganj, Giridih-710808",80000,Not Filed
PER00743,Madhup Dugal,2002-12-28,YIHIL1692T,"765, Ratta, Jorhat-694499",65000,Not Filed
PER00744,Ivana Dugal,1962-08-27,DBIMZ2260H,"H.No. 25, Ramakrishnan Nagar, Hubli–Dharwad 259603",35000,Pending
PER00745,Lagan Roy,1961-04-30,MKEFN9930I,"02, Sha Path, Farrukhabad-844586",0,Filed
PER00746,Arnav Iyengar,1980-12-04,DKZCO1808N,"829, Sachdeva Street, Ratlam-759177",45000,Filed
PER00747,Rania Randhawa,1992-02-10,RAYEH3951W,"76/86, Bhatti Circle, Ajmer 580559",50000,Filed
PER00748,Azad Balan,2003-04-25,LTPYR5649C,"46, Verma Zila, Ludhiana-463305",35000,Filed
PER00749,Gokul Iyengar,1974-11-17,CIZEX3955D,"H.No. 697, Dass Nagar, Jorhat 892963",50000,Filed
PER00750,Biju Krishnan,1987-12-06,ZPKPH0597R,"539, Tank Nagar, Farrukhabad-649581",35000,Filed
PER00751,Vivaan Virk,1978-06-11,DQYZS9526F,"883, Goel Road, Agartala-285311",45000,Not Filed
PER00752,Ehsaan Borra,1968-12-26,VQWQN0172U,"H.No. 166, Chakraborty Road, Sirsa 406048",35000,Filed
PER00753,Vihaan Sarkar,1973-06-06,NVILT6317H,"H.No. 97, Sathe Nagar, Gulbarga 526972",65000,Filed
PER00754,Piya Rama,1965-11-21,ZXCNT7942J,"54/46, Hayer Nagar, Tirupati 223962",65000,Filed
PER00755,Nitya Balasubramanian,1989-06-14,UYBCI3655F,"H.No. 508, Sankaran Nagar, Bikaner-493075",50000,Filed
PER00756,Veer Chatterjee,2006-10-26,KBGFS3413D,"H.No. 792, Bir Path, Kavali 062325",65000,Pending
PER00757,Faiyaz Chaudhary,1981-02-03,IJHFX6996E,"23, Buch Nagar, Vadodara-256425",50000,Not Filed
PER00758,Madhup Agate,1972-06-21,SLBRW0110S,"H.No. 75, Garg Road, Ghaziabad-583179",0,Filed
PER00759,Elakshi Gola,1964-08-02,FZLDO4515Y,"99/360, Kade Street, Ujjain-154816",45000,Filed
PER00760,Vritika Hegde,2005-02-15,CDYHJ7603D,"93/988, Boase Path, Junagadh-508834",80000,Filed
PER00761,Mohanlal D’Alia,1967-07-28,ZHJSY9899C,"H.No. 150, Barad, Faridabad 580664",45000,Filed
PER00762,Emir Dhar,2000-07-04,VQIAU6411Q,"87, Tailor Road, Belgaum-534150",65000,Filed
PER00763,Zeeshan Varghese,1988-09-15,VHEVK9797B,"499, Soni Ganj, Erode-979893",65000,Filed
PER00764,Dhanuk Banerjee,1970-11-07,IRPBQ1718Z,"96, Jain Road, Warangal-682042",35000,Filed
PER00765,Ayesha Kapur,1991-07-16,KQQVH7492S,"H.No. 71, Tiwari Ganj, Hospet-306175",50000,Filed
PER00766,Divyansh Sahni,1978-03-11,BBKYT3019R,"H.No. 47, Dass Road, Sangli-Miraj & Kupwad 510275",50000,Not Filed
PER00767,Prisha Dhawan,2004-06-02,RCHZS2877A,"89, Date Path, Alappuzha 946637",35000,Filed
PER00768,Hazel Krish,1961-04-13,YXQJD7298W,"H.No. 25, Mahajan Nagar, Khora  029674",50000,Not Filed
PER00769,Jayesh Goswami,1978-09-22,UNBPH6480Q,"42/068, Barman Marg, Madhyamgram 368785",65000,Not Filed
PER00770,Pranay Dalal,1977-05-01,YRYVS4659V,"19, Raju Road, Sultan Pur Majra-277496",200000,Not Filed
PER00771,Nakul Kade,1974-12-05,KTHVE8810D,"116, Kohli Chowk, Navi Mumbai 476031",35000,Not Filed
PER00772,Myra Bhagat,2006-02-08,ZMUVW6120H,"15/79, Mandal Chowk, Bellary-097554",65000,Filed
PER00773,Ehsaan Keer,1972-02-09,QZBMO6806I,"H.No. 36, Bhalla Chowk, Aurangabad 194857",50000,Not Filed
PER00774,Shamik Bhasin,1978-08-12,SPYRR8743U,"45/693, Sachdev, Buxar 921930",45000,Filed
PER00775,Madhav Agrawal,2007-07-21,EXVYI8036Q,"99, Bajwa, Amroha 825208",50000,Filed
PER00776,Saanvi Gill,1998-08-04,DIQSP6222V,"14/31, Mangal Zila, Pali 963411",80000,Filed
PER00777,Amani Yadav,1972-08-16,EEPNU5828U,"61, Tara Road, Alwar 729017",80000,Filed
PER00778,Anvi Dewan,1972-06-21,XLDNS7810U,"H.No. 694, Sehgal Ganj, Pudukkottai 140335",35000,Filed
PER00779,Oorja Ganesh,1960-11-27,RFSKN3169T,"32/852, Cherian Marg, Kanpur 838099",45000,Filed
PER00780,Advika Manne,1983-04-25,CDOSL3187K,"H.No. 148, Sane Circle, Noida-854269",35000,Filed
PER00781,Kaira Khosla,1963-01-03,FZXEG0116J,"94/516, Sehgal Zila, Bhiwani 002349",35000,Filed
PER00782,Suhana Madan,1999-04-11,KDADJ6794H,"H.No. 71, Bose Nagar, Ramgarh 785188",35000,Filed
PER00783,Yuvraj  Hans,1969-04-14,AWDDI9588C,"763, Raval Street, Phagwara-939225",120000,Filed
PER00784,Aarav Bava,1989-08-24,CIONC7502L,"94/21, Dave Street, Bhimavaram 080915",50000,Filed
PER00785,Neysa Anne,1965-04-30,XPZHN0686R,"71/523, Bhatnagar Zila, Ramagundam-417140",0,Pending
PER00786,Vardaniya Suresh,1991-07-20,SLBHE7607Z,"38/196, Gole Circle, Buxar-081994",45000,Filed
PER00787,Zeeshan Ahluwalia,1966-05-31,FIYBP0951M,"98/87, Luthra Zila, Madurai-567878",35000,Filed
PER00788,Manikya Ahuja,1980-03-16,NGGBD3348Y,"06/873, Mandal Road, Dewas-760408",35000,Filed
PER00789,Ela Khurana,1973-04-03,NNROH2598O,"H.No. 283, Sekhon Street, Dhule 607859",35000,Not Filed
PER00790,Rhea Sandhu,1981-11-14,QOXPC7546G,"82/887, Chahal Road, Danapur-823069",35000,Not Filed
PER00791,Saira Sankaran,1983-12-08,GAFJO4096F,"577, Das Road, Saharsa-464062",50000,Filed
PER00792,Rhea Vora,1960-05-22,JPEQO9090R,"91/77, Sahota, Anand 695631",35000,Filed
PER00793,Amani Chaudhary,1980-02-14,NKQQM4703E,"195, Dhingra Road, Srikakulam 056815",65000,Filed
PER00794,Ela Gara,2005-03-30,ZLOTT8789H,"H.No. 641, Jayaraman Chowk, Karaikudi-428296",120000,Pending
PER00795,Anahita Tripathi,1966-11-27,TRDEK5519I,"49/354, Balakrishnan Circle, Patiala 889236",80000,Not Filed
PER00796,Vedika Sama,1996-06-11,ARYNS2858B,"H.No. 53, Doctor Chowk, Bhilai-565233",35000,Not Filed
PER00797,Inaaya  Suresh,1980-07-24,FUYAL7535M,"57/616, Dixit Chowk, Dehradun 145199",35000,Filed
PER00798,Biju Bhattacharyya,1984-03-07,RQKCJ3385K,"57, Saraf Nagar, Bellary-895528",65000,Filed
PER00799,Ritvik Borde,1966-08-03,VGLQW9416G,"16, Lal Road, Purnia-455674",45000,Filed
PER00800,Samarth Varghese,1996-01-08,CHGRO4458M,"10/479, Yadav Street, Rajkot 154776",35000,Filed
PER00801,Tarini Johal,1973-05-30,IUJKR1544U,"21, Brahmbhatt Road, Bijapur 251973",35000,Filed
PER00802,Jayesh Golla,1978-10-03,HFJQX7249O,"83/21, Madan Path, Darbhanga-672403",50000,Not Filed
PER00803,Navya Vala,1963-05-29,ORGMG2710R,"19, Bail Nagar, Jodhpur-647699",50000,Filed
PER00804,Kismat Iyengar,1955-10-26,UDXFN1641P,"H.No. 370, Kannan Street, Allahabad 278483",65000,Filed
PER00805,Adira Dave,1984-06-17,LUAWZ9666F,"08/66, Barman Path, Gulbarga 641028",45000,Filed
PER00806,Hazel Bajwa,1980-03-13,TCIFR7438U,"90, Raja Road, Karimnagar-131738",50000,Filed
PER00807,Damini Buch,1996-01-05,SVRJX2261W,"43/102, Sunder Nagar, Gorakhpur-655105",45000,Filed
PER00808,Madhav Rajagopal,1963-04-27,STDWV9128X,"89/457, Ramachandran, Lucknow-348289",35000,Filed
PER00809,Alia Handa,1968-07-24,IMFBJ9601P,"H.No. 970, Raja Chowk, Munger 562489",35000,Filed
PER00810,Aaina Bora,1968-04-15,FAYZU6498G,"734, Gera Chowk, Deoghar-823973",50000,Filed
PER00811,Manikya Yogi,1987-05-15,LRVQS8870N,"92, Saini Marg, Anantapur-231422",200000,Filed
PER00812,Yashvi Grover,1990-03-05,NGREO8276X,"17/558, Karpe, Bhiwandi 560823",50000,Filed
PER00813,Oorja Barad,1963-10-19,GGBLW6739L,"H.No. 30, Gola Path, Vadodara 145504",80000,Not Filed
PER00814,Heer Ghosh,1965-05-20,ZQVYW2151M,"41/348, Chopra Road, Satara-381583",35000,Filed
PER00815,Raghav Dua,1991-06-08,UHWFD6583M,"95/077, Dhar Chowk, Amravati 474940",50000,Filed
PER00816,Trisha Raju,1999-03-29,IRNHK1119E,"76/609, Upadhyay Chowk, Hyderabad 165434",0,Filed
PER00817,Dhanuk Kibe,1972-05-19,TEYGC7504P,"167, Sarin Zila, Nandyal 718888",35000,Not Filed
PER00818,Aarav Soman,1960-04-09,XWMCF0138B,"H.No. 72, Sharaf Chowk, Ozhukarai 163243",35000,Filed
PER00819,Shanaya Swamy,1992-06-23,DPUNK3859L,"H.No. 81, Viswanathan Zila, Malda-841362",35000,Filed
PER00820,Indrajit Kota,1986-07-11,ODNJN2255U,"H.No. 295, Choudhury Street, Amaravati-690562",35000,Pending
PER00821,Baiju Raval,1980-10-12,LVSUM1635G,"45, Sen Marg, Buxar-046419",35000,Filed
PER00822,Eva Sant,1963-12-18,QOGQX9255R,"H.No. 530, Mann Road, Bhind-177013",65000,Filed
PER00823,Vivaan Tank,1973-07-01,XQPQC5845J,"H.No. 288, Swamy Path, Rajahmundry-899441",35000,Filed
PER00824,Farhan Sandhu,1954-09-17,ABILE0368H,"H.No. 15, Sane Zila, Kottayam-004444",35000,Not Filed
PER00825,Alia Dani,1990-01-09,ISIBS3334X,"08/144, Buch Circle, Etawah-324190",35000,Filed
PER00826,Ayesha Kuruvilla,1965-06-09,VBDVH8986E,"37, Khanna Path, Adoni 221577",200000,Filed
PER00827,Purab Deol,1999-08-20,XYLBI8137W,"17, Bedi Nagar, Korba-866793",50000,Filed
PER00828,Kavya Chad,1968-10-01,VRZIZ8646C,"H.No. 18, Krishnamurthy Zila, Bharatpur-510708",45000,Filed
PER00829,Prerak Chopra,1961-11-20,UMXML1679G,"80/460, Warrior Road, Udupi 104772",50000,Filed
PER00830,Ela Chad,1976-10-31,JOVTZ8035B,"92, Sathe Nagar, Adoni 343388",65000,Not Filed
PER00831,Renee Varma,1956-03-19,EYHYA7271Y,"H.No. 21, Deo Zila, Chinsurah-900475",45000,Not Filed
PER00832,Vidur Din,1974-09-25,RERCV0150F,"88/966, Sen Circle, Kalyan-Dombivli 881185",80000,Filed
PER00833,Indrajit Char,1994-01-07,XBEPF2131H,"H.No. 08, Dhawan Nagar, Agartala-373668",80000,Not Filed
PER00834,Sana Balan,1970-02-20,HRSDQ9792E,"225, Keer Marg, Hapur-283170",80000,Filed
PER00835,Ishaan Kaur,1994-05-12,VINZO2614U,"336, Bhat, Berhampore 308640",45000,Filed
PER00836,Ela Goswami,1967-07-07,AOIJH0961L,"H.No. 159, Gala Marg, Panchkula 495189",45000,Not Filed
PER00837,Renee Bhakta,1965-05-25,EXVWC2358F,"16, Kumer Marg, Purnia-953681",65000,Filed
PER00838,Vanya Bansal,1985-03-23,OPWGZ9627K,"H.No. 91, Srinivas Ganj, Salem 365452",35000,Filed
PER00839,Bhamini Bassi,1985-04-10,SJANO3399P,"18/441, Lad Circle, Sonipat 446977",80000,Filed
PER00840,Ryan Vora,1973-02-22,QOFFE5586H,"83, Kant Marg, Pudukkottai-501683",80000,Filed
PER00841,Lakshay Sahni,1973-04-13,KJJFB2835M,"45, Karan Path, Chittoor 484632",45000,Filed
PER00842,Zeeshan Kumar,1984-09-14,ZGOZJ8448O,"H.No. 790, Badami Chowk, Narasaraopet 983227",65000,Filed
PER00843,Adah Ramesh,1961-10-28,PMNTV8232Y,"H.No. 83, Savant Zila, Amritsar-833518",45000,Filed
PER00844,Rasha Kale,1962-01-12,XPBFZ0776F,"H.No. 767, Sodhi, Hapur 029792",35000,Not Filed
PER00845,Nehmat Shan,1985-05-21,UOAWT3123U,"13/371, Kannan Road, Singrauli-032575",35000,Pending
PER00846,Kiara Mammen,1996-09-06,TTPDS2613B,"396, Srinivas, Nashik-056199",65000,Filed
PER00847,Dharmajan Sanghvi,1961-07-18,OUKFZ8355H,"65/283, Rastogi Ganj, New Delhi-068186",65000,Filed
PER00848,Jivin Halder,1974-08-10,RWISX7752U,"58/30, Dutt Circle, Nangloi Jat 051957",50000,Not Filed
PER00849,Kismat Aurora,1955-01-29,GNAAP4130P,"396, Sani Chowk, New Delhi 377142",50000,Filed
PER00850,Emir Shetty,1970-04-30,ERATM3745F,"72/745, Wagle Street, Howrah-315702",50000,Not Filed
PER00851,Diya Chatterjee,1958-07-26,HGXBQ8011W,"45/377, Sen Road, Madanapalle 536861",50000,Filed
PER00852,Vivaan Rana,1957-02-03,GMBCZ5862H,"61/048, Lala Street, Varanasi 189386",35000,Filed
PER00853,Aarna Dutt,1997-10-24,XGMEF5883Y,"728, Sood Zila, Hajipur 000782",50000,Not Filed
PER00854,Pari Walia,1978-06-19,VXBIY1939M,"59/092, Issac, Gulbarga-510160",65000,Filed
PER00855,Tanya Loyal,1990-05-26,QRDBF2779A,"044, Butala Path, Mahbubnagar 048272",65000,Filed
PER00856,Baiju Samra,1995-10-17,UQXHL4331I,"39/068, Iyer, Uluberia-347479",80000,Filed
PER00857,Sahil Ratti,1963-12-30,RVGJM5192Z,"H.No. 07, Thakkar Path, Gangtok 601209",45000,Pending
PER00858,Divij Thakur,1955-09-07,CKARI5868U,"771, Krishna Zila, Sambhal-615052",35000,Filed
PER00859,Prerak Rao,2006-05-08,BKSFS7170C,"43/979, Rajagopalan Road, Malegaon-393666",65000,Filed
PER00860,Rasha Saxena,1966-11-28,AEMLE0703E,"70/57, Luthra Road, Thanjavur 898227",45000,Pending
PER00861,Neelofar Bhasin,1999-07-13,IBWJN2823H,"483, Ramanathan Nagar, Chittoor 918564",45000,Filed
PER00862,Hrishita Kamdar,1976-12-15,RUWHM0191X,"60/39, Chand, Tadepalligudem 519571",80000,Filed
PER00863,Faiyaz De,1999-11-30,WHZJA2573X,"32/51, Bhagat Circle, Miryalaguda 031093",80000,Filed
PER00864,Nishith Upadhyay,1993-02-24,MVPVJ1373A,"H.No. 33, Lall Chowk, Chinsurah 079218",45000,Filed
PER00865,Ayesha Hayre,1975-09-17,KJBHA7263W,"298, Sarraf, Nanded-750657",45000,Not Filed
PER00866,Lakshit Sha,1986-06-12,VZPML0594A,"75/095, Aggarwal Street, Bhatpara-193821",35000,Filed
PER00867,Ivan Gole,1970-11-22,ALDBT8794Q,"H.No. 20, Ahluwalia Chowk, Sambalpur 047746",45000,Pending
PER00868,Zoya Madan,1956-11-16,WXWDV1226L,"86, Arya Street, Farrukhabad 254628",200000,Filed
PER00869,Nitara Sen,1955-11-28,TLFFS6086H,"51/42, Khurana Marg, Tumkur-255768",35000,Pending
PER00870,Keya Badami,1987-12-16,DDZNI7555D,"71, Gera Road, Silchar-631767",200000,Filed
PER00871,Darshit Loke,1995-11-06,WAQDQ5145A,"H.No. 63, Sachar Chowk, Meerut-703124",120000,Filed
PER00872,Ishita Thakur,1981-09-03,YJKIZ7591P,"36, Chopra Street, Aligarh-119629",35000,Filed
PER00873,Samaira Kashyap,1968-09-26,BIRZN6605R,"319, Talwar Ganj, Srikakulam 583512",35000,Filed
PER00874,Pranay Varghese,1986-04-12,RVBOB1759N,"74, Sawhney Street, Hapur 629044",50000,Filed
PER00875,Fateh Khanna,1998-10-31,OHXTF0991S,"46, Rajan Circle, Siliguri-624572",50000,Filed
PER00876,Kimaya Bath,1988-03-12,QWEHX9980Q,"73/65, Ravel Circle, Hyderabad 013388",45000,Filed
PER00877,Priyansh Deol,1967-07-15,YLUXT2791L,"H.No. 27, Bassi Ganj, Moradabad 533334",0,Filed
PER00878,Divyansh Singhal,1974-08-22,YPRMJ3654Z,"H.No. 762, Bhatnagar Road, Avadi-430596",45000,Not Filed
PER00879,Gatik Uppal,1978-09-03,PQPQI5111P,"H.No. 55, Ahuja Path, Rajkot 254620",200000,Filed
PER00880,Parinaaz Ahluwalia,1967-04-17,EWCQA1462L,"108, Sane Chowk, Akola 905290",35000,Pending
PER00881,Ayesha Apte,1959-10-30,EWPZH8877E,"12/72, Keer Nagar, Sasaram 193276",35000,Filed
PER00882,Ira Dewan,2002-02-26,WTAHU0340V,"430, Kapadia Chowk, Dewas 785733",50000,Filed
PER00883,Lavanya Kala,1991-04-11,FSWLO4651Z,"56/125, Batta Circle, Hubli–Dharwad 333163",80000,Filed
PER00884,Anaya Mahajan,1978-07-17,VMOHA7465R,"H.No. 992, Tella Road, Guna 205209",35000,Filed
PER00885,Anay Jani,1986-06-22,EKOZI2028D,"231, Garde Street, Buxar-068337",200000,Filed
PER00886,Mishti Chakrabarti,1984-04-21,ZUTWW8392L,"H.No. 34, Bava Ganj, Saharanpur-883304",50000,Filed
PER00887,Eshani Chaudhuri,1955-07-24,XIHTV5455K,"H.No. 227, Saxena Zila, Thane 175342",45000,Filed
PER00888,Indrajit Kumar,2004-07-11,TNEJE3401Y,"78/795, Agarwal, Adoni-252382",35000,Filed
PER00889,Trisha Karnik,1956-09-02,FKIYS2462W,"H.No. 18, Kara Chowk, Korba 552463",35000,Filed
PER00890,Parinaaz Varma,1979-05-14,EYRMO7606R,"H.No. 540, Lanka Path, Adoni-727642",50000,Not Filed
PER00891,Heer Agrawal,1962-05-15,SPKOW2814T,"998, Hayer Nagar, Tiruppur 654731",80000,Not Filed
PER00892,Divyansh Agrawal,1990-03-18,MRHSI3798G,"H.No. 52, Sant Nagar, Tezpur-567660",45000,Filed
PER00893,Uthkarsh Das,1961-06-17,PGFTQ4949L,"H.No. 293, Yadav Road, Ulhasnagar 981856",0,Pending
PER00894,Kismat Ben,1991-08-07,PEOBY2071G,"49/379, Sankaran, Ludhiana-074135",50000,Filed
PER00895,Nirvaan Sengupta,1958-02-27,NGWJD7283R,"600, Handa Chowk, Belgaum 035272",35000,Not Filed
PER00896,Farhan Khosla,1959-09-17,HVCML5650U,"331, Sani Marg, Kurnool-455606",35000,Not Filed
PER00897,Diya Dewan,1960-01-28,QYCIX3742S,"25/63, Mangal Nagar, Kavali 371722",45000,Filed
PER00898,Stuvan Sahota,1982-01-05,NNKWJ1703D,"765, Shenoy Chowk, Durgapur 256803",45000,Filed
PER00899,Ahana  Mahajan,2002-09-08,BPSAP5389C,"H.No. 48, Gola Chowk, Ajmer-008133",65000,Not Filed
PER00900,Riya Rama,1960-06-26,MGEDD7711Z,"H.No. 63, Kohli Path, Phagwara-533664",35000,Filed
PER00901,Riaan Sibal,1978-02-19,OWUSJ6737P,"832, Dora Nagar, Asansol 463359",35000,Filed
PER00902,Anvi Chaudry,1969-01-03,UMQZK1463K,"H.No. 76, Jha, Uluberia 598460",50000,Filed
PER00903,Lavanya Rama,1968-06-19,CHHSI5948G,"H.No. 60, Lalla Path, Panihati-042125",35000,Pending
PER00904,Vardaniya Din,1960-12-26,MMMRM1128P,"H.No. 536, Suresh Nagar, Ichalkaranji-107281",120000,Filed
PER00905,Ishita Rama,1982-10-09,YMTJR1272F,"33, Savant Circle, Kharagpur 419028",45000,Not Filed
PER00906,Misha Viswanathan,1977-02-20,JTNQN1725J,"29, Reddy Circle, Bhatpara-763578",50000,Filed
PER00907,Divij Mammen,1967-08-02,IPXUD6893J,"H.No. 37, Borah Path, Jabalpur-385591",0,Not Filed
PER00908,Saira Rana,2000-06-03,CVXWI2528E,"36/89, Sodhi Street, Jamnagar-138809",65000,Not Filed
PER00909,Eva Mane,1976-11-11,LSJQM4463G,"96/61, Rege Road, Munger 920641",120000,Filed
PER00910,Lakshay Buch,1991-03-14,NCPAW7343W,"H.No. 17, Banik Marg, Aligarh 216050",35000,Not Filed
PER00911,Rania Ganesan,2004-01-02,SMQRE5283D,"711, Barad Chowk, Etawah-266898",35000,Filed
PER00912,Anvi Mangat,1967-09-17,ZONGA5893O,"320, Sankar Marg, Nagpur 002413",65000,Filed
PER00913,Himmat Krishnamurthy,1956-11-29,APTVB2228K,"84/73, Rout Ganj, Kozhikode-449442",120000,Not Filed
PER00914,Pari Thakur,1960-11-18,TBWPE3426C,"29/20, Tak Nagar, Bhiwandi 441886",200000,Filed
PER00915,Kismat Amble,1965-09-05,TQSSD4798T,"35, Tara Nagar, Sultan Pur Majra 616665",0,Not Filed
PER00916,Purab Karnik,1988-08-13,ZJTJJ4672Q,"H.No. 89, Comar Street, Panchkula-781343",80000,Filed
PER00917,Rhea Chandran,1959-05-29,VHHAS6189B,"41/679, Srivastava Ganj, Ghaziabad-256918",65000,Not Filed
PER00918,Trisha Shukla,1982-03-11,BBCPC8998S,"664, Tandon Chowk, Gandhidham 415198",45000,Filed
PER00919,Adira Khatri,1987-01-22,WVMGG1216I,"H.No. 86, Borra Nagar, Tiruvottiyur 561196",120000,Filed
PER00920,Zara Shankar,1987-12-22,JUYXN1497K,"H.No. 602, Choudhry Street, Serampore-769822",120000,Filed
PER00921,Diya Sachar,1981-01-24,OLGED1688U,"H.No. 971, Balan Street, Baranagar 488448",80000,Not Filed
PER00922,Pihu Gole,1968-11-24,RTITC8682T,"98/479, Issac Ganj, Madanapalle-734331",45000,Filed
PER00923,Zaina Rajan,1964-05-07,ZBDET1944X,"30/248, Gandhi Road, Jorhat-948533",200000,Filed
PER00924,Uthkarsh Wadhwa,1994-01-30,LAHGX6519G,"904, Dayal Chowk, Srikakulam 176276",50000,Filed
PER00925,Lagan Tandon,1971-07-04,YPZWH7251X,"21/37, Sura, Ballia-181743",65000,Filed
PER00926,Himmat Basu,1960-08-21,IPQKG2300Q,"H.No. 688, Dewan Nagar, Tezpur-494557",35000,Pending
PER00927,Ehsaan Barman,1982-06-29,IVADK9611U,"H.No. 542, Jani Road, Dindigul 789340",65000,Filed
PER00928,Shlok Solanki,1996-04-04,WGQJC0665P,"80/452, Bhatt Path, Sambhal 082226",45000,Filed
PER00929,Lavanya Dube,1987-03-31,LLRIW8181S,"40, Devan Ganj, Giridih 985529",50000,Filed
PER00930,Nehmat Bhavsar,1995-05-26,WHEYZ2181D,"H.No. 265, Gill, Haridwar-324816",50000,Not Filed
PER00931,Dharmajan Bail,1967-10-12,XSNUB0886N,"659, Kapadia Ganj, Panipat-624274",80000,Filed
PER00932,Jivin Chaudhry,2000-03-26,XTUCZ8365X,"88, Korpal Path, Tiruchirappalli 844912",65000,Filed
PER00933,Kimaya Khatri,1980-06-30,LURWU6991R,"232, Gandhi Zila, Tinsukia 695383",50000,Filed
PER00934,Anaya Ganesan,1965-09-30,TNXCM6286L,"13/46, Issac Circle, Panvel-219167",35000,Filed
PER00935,Kismat Tara,1962-11-02,ZIKRL0782Y,"950, Toor Marg, Amroha 142871",200000,Filed
PER00936,Nishith Raja,2007-06-20,GPKBA0172L,"874, Gera Ganj, Panvel-467146",0,Not Filed
PER00937,Lagan Chowdhury,1966-01-20,DVMOI0730X,"H.No. 01, Chacko Street, Berhampore 598842",65000,Not Filed
PER00938,Dhruv Bobal,1996-12-26,OXZFR1275F,"73/498, Tella, Nangloi Jat-909313",65000,Not Filed
PER00939,Vritika Hans,1993-04-05,MISBO9778E,"H.No. 940, Jayaraman Marg, Durg-589773",80000,Filed
PER00940,Veer Hegde,1987-02-19,JYREZ5641O,"74, Ratta Marg, Jabalpur-195106",35000,Filed
PER00941,Shanaya Chanda,1993-05-03,WCTUL2518G,"H.No. 78, Vaidya Ganj, Sasaram 550437",0,Filed
PER00942,Aayush Kumar,1971-11-25,ZNCHA3730Z,"80/499, Tripathi Path, Muzaffarnagar-286688",50000,Filed
PER00943,Shamik Bala,1970-11-11,QFAXF2091O,"029, Bera, Tadipatri-150037",200000,Filed
PER00944,Alisha Yohannan,1965-12-17,XWDOK8568J,"80, Hegde Nagar, Kharagpur 130877",50000,Filed
PER00945,Himmat Thaman,1999-12-17,EWXFY0645A,"372, Lad Nagar, Gangtok 941355",35000,Pending
PER00946,Shlok Roy,1972-12-19,WFCAS8954V,"H.No. 57, Contractor Path, Jorhat 086941",200000,Filed
PER00947,Aniruddh Lad,1969-05-15,JMFYP1498K,"642, Yogi, Tinsukia 006718",50000,Filed
PER00948,Tiya Barman,2005-10-11,WDYDO4180M,"11, Khatri Marg, Kadapa-250805",120000,Not Filed
PER00949,Yuvraj  Desai,1957-08-15,YHZFM0095K,"H.No. 160, Sunder Street, Pimpri-Chinchwad 736156",45000,Not Filed
PER00950,Damini Dhingra,1984-06-03,DOIPT2255B,"27/46, Madan, South Dumdum 228616",200000,Filed
PER00951,Kavya Rana,1957-05-13,MJPOX5007W,"13/953, Shetty, Maheshtala 241384",50000,Not Filed
PER00952,Diya Chakraborty,2005-07-28,IUXNP6551F,"447, Sehgal Circle, Imphal 309923",45000,Filed
PER00953,Biju Bhatia,1959-06-08,NZBPN2562L,"919, Apte Road, Siliguri-987846",45000,Not Filed
PER00954,Lakshay Devi,1975-10-07,EOWSV7434C,"H.No. 801, Verma Chowk, Sultan Pur Majra 663714",45000,Filed
PER00955,Ayesha Sehgal,1964-07-03,OOEXF3126A,"664, Kadakia Nagar, Thiruvananthapuram-658322",35000,Filed
PER00956,Rati Wali,1973-09-07,NTULD8890U,"78/76, Barman, Sri Ganganagar-719391",35000,Filed
PER00957,Madhup Bath,1968-06-02,HSTMQ9766Q,"02/80, Date Path, Burhanpur-460232",80000,Filed
PER00958,Lavanya Bajaj,1977-10-02,ZTNHX8914C,"H.No. 17, Gara Nagar, Agartala 134000",65000,Filed
PER00959,Aniruddh Balay,1999-11-24,ANKMV5131Z,"12/641, Divan Marg, Jalna-768644",65000,Pending
PER00960,Kartik Brahmbhatt,2005-09-25,KFITS2180U,"127, Garg Road, Ghaziabad 385308",45000,Filed
PER00961,Farhan Hayer,1962-11-05,EGCRT7840L,"71, Goda Road, Tiruchirappalli 642713",50000,Filed
PER00962,Chirag Chahal,1988-01-29,IPMFB2988X,"27, Sheth Zila, Ahmednagar-475437",35000,Filed
PER00963,Shlok Garde,1954-09-28,LGAWV3866F,"H.No. 950, Mangat Chowk, Mumbai-753928",50000,Filed
PER00964,Dharmajan Arora,1985-03-05,ZESMY3862K,"835, Varma Marg, Ambala 887389",35000,Filed
PER00965,Emir Chhabra,1995-09-09,LIEXC4226C,"H.No. 43, Bains Path, South Dumdum-632960",80000,Filed
PER00966,Taran Garg,2006-12-07,HWQBJ0977I,"91, Saha Street, Proddatur-238346",0,Not Filed
PER00967,Piya Chaudhari,1980-05-26,CENTA3287C,"H.No. 43, Sagar Path, Nagpur 503077",45000,Filed
PER00968,Alisha Buch,1992-11-10,WTMTX7577V,"H.No. 665, Sengupta Chowk, Motihari 788525",45000,Filed
PER00969,Seher Krishnan,1962-07-07,EHEJF5587P,"78/18, Raja, Akola-389140",50000,Filed
PER00970,Neysa Loyal,1997-02-16,LBZQN7611M,"63, Gulati Marg, Jodhpur-297781",0,Not Filed
PER00971,Divyansh Borra,2007-02-09,IQTMC3543I,"713, Amble Nagar, Raiganj 226646",50000,Filed
PER00972,Nakul Bedi,1983-09-04,NCXTL3181Z,"57/160, Balakrishnan Circle, Kolhapur 361680",120000,Filed
PER00973,Nehmat Balan,1956-06-27,MXHVX3143J,"86, Sethi Zila, Erode-312763",50000,Filed
PER00974,Anay Dey,1979-12-25,HXHGS7123M,"08/580, Tiwari Path, Tirupati 091383",50000,Filed
PER00975,Riya Sarraf,1999-05-21,TCUCX1057Z,"H.No. 95, Uppal Path, Korba-317888",50000,Pending
PER00976,Mannat Comar,1978-05-18,VOZSH0181Z,"56, Dora Circle, Tadipatri 422709",35000,Filed
PER00977,Eva Khatri,1960-07-20,CVPNN6866K,"19/043, Bajwa, Bokaro-762347",45000,Filed
PER00978,Samarth Bhatti,1996-12-20,YUEIO2072S,"93/272, Shah Marg, Anantapur-915472",65000,Filed
PER00979,Kashvi Gade,2005-04-04,NJVDK7885A,"15/69, Gulati, Gandhidham-037273",65000,Filed
PER00980,Uthkarsh Sabharwal,1963-08-26,CWQGV3564F,"74/03, Buch Road, Gorakhpur 484406",200000,Filed
PER00981,Ranbir Sathe,1971-10-27,VZMRW4646G,"H.No. 42, Dugar Zila, Kakinada 361743",200000,Filed
PER00982,Vivaan Manne,1998-10-17,LZKJS0027J,"30/217, Chatterjee Path, Guntur 890300",45000,Filed
PER00983,Alisha Bala,1996-12-16,HEDEX4674U,"560, Raval Chowk, Dehradun 776271",45000,Filed
PER00984,Ehsaan Chaudhary,1979-03-16,SKZVN0709X,"93/817, Sachdeva Ganj, Bharatpur-173476",0,Filed
PER00985,Purab Chaudhary,1959-02-11,HWFPJ8858X,"754, Sathe Road, Ujjain 588951",45000,Filed
PER00986,Rania Toor,1959-06-20,OCSEA2838W,"40/470, Dayal Road, Morena-418120",45000,Filed
PER00987,Tejas Goswami,1974-11-28,QYPXW0179U,"76/29, Baria, Arrah 645655",80000,Filed
PER00988,Ivana Bhasin,1965-07-05,MXLBS9764W,"H.No. 942, Ranganathan Marg, Kanpur 499411",65000,Not Filed
PER00989,Elakshi Chokshi,1976-02-18,KCMZV8562V,"021, Ramaswamy, Sultan Pur Majra 801271",45000,Filed
PER00990,Lagan Vala,1983-11-25,VETBP0653K,"23/30, Venkataraman Ganj, Madhyamgram-979683",35000,Filed
PER00991,Hansh Chada,1978-02-11,SZXGP9965S,"040, Agrawal Marg, Kumbakonam-576725",35000,Filed
PER00992,Anahita Mann,1984-08-30,ELVZT5449D,"572, Thakur Chowk, Gorakhpur 280209",200000,Pending
PER00993,Lakshay Koshy,1957-12-01,CATKS2754D,"30/391, Chand Street, Ratlam-860444",35000,Filed
PER00994,Anahi Brar,1965-09-23,AZCHT3687K,"H.No. 018, Dass Ganj, Barasat 061597",50000,Filed
PER00995,Aarush Bhargava,1962-05-23,HOWUB4499I,"24/97, Madan Path, Rajkot-829289",200000,Not Filed
PER00996,Anvi Vyas,1964-07-09,JNBRZ6206G,"31/53, Bali, Kakinada 193435",50000,Filed
PER00997,Jhanvi Ram,1976-02-04,JVOFL1967S,"70, Dugar Nagar, Thoothukudi-176330",120000,Filed
PER00998,Renee Raman,1978-04-17,KQOSO0224G,"95/557, Chana Street, Guntakal 641558",45000,Not Filed
PER00999,Akarsh Mani,1999-04-26,LBAKD7528V,"612, Ahuja, Pudukkottai-616637",35000,Filed
PER01000,Dharmajan Ramachandran,1976-11-13,ZIHDN8091A,"H.No. 063, Rajagopalan Chowk, Ballia-527052",35000,Filed
