person_id,full_name,dob,pan_number,address,monthly_salary_inr,tax_filing_status
PER00001,Alka Srinivasan,1959-01-27,YQBIT7156A,"H.No. 54, Tata Marg, Thoothukudi 759547",65000,Filed
PER00002,Anmol Basak,2003-04-17,JPESD8264A,"20/240, Vig Circle, Bokaro 244489",65000,Filed
PER00003,Ikshita Zacharia,1973-04-18,PZLCP8470W,"H.No. 65, Ramaswamy Marg, Fatehpur-248191",45000,Filed
PER00004,Amaira Sengupta,1993-01-16,HNFYR8331W,"18/46, Kala Path, Belgaum-753348",80000,Filed
PER00005,Ojas Dua,1992-12-08,RBITC1415T,"736, Varty Marg, Ballia-692620",80000,Filed
PER00006,Zaitra Nair,1961-04-05,QBCUQ5557I,"449, Bhatt Path, Kollam-326050",35000,Filed
PER00007,Urmi Chowdhury,1997-11-27,KWYFN3120L,"73/292, Borah Path, Asansol 605847",45000,Filed
PER00008,Ati Narayanan,1989-02-26,VFFNG3397K,"11/72, Kakar Marg, Orai-579778",45000,Pending
PER00009,Ranveer Ghose,1988-01-20,BCSBB2587V,"H.No. 981, Hayer Zila, Ongole 295593",35000,Filed
PER00010,Vivaan Sinha,1991-01-17,OBOBV1525P,"H.No. 455, Shankar Circle, Bhiwandi-280444",35000,Filed
PER00011,Chasmum Agate,2001-09-20,EVWSZ4857X,"17/342, Banik Street, Uluberia 327146",45000,Filed
PER00012,Ekta Goda,1957-04-30,WNESR6275S,"55, Brar Nagar, Agra 854834",45000,Not Filed
PER00013,Urvashi Dhawan,1998-11-12,KSNQV3974G,"395, Mahajan Chowk, Kurnool-221099",65000,Filed
PER00014,Lavanya Natarajan,1989-01-13,QXXND4233N,"60/077, Saxena Street, Nangloi Jat-971512",35000,Filed
PER00015,Upma Garde,1960-01-28,BPTSB8044T,"38/33, Swaminathan Road, Buxar-360229",65000,Pending
PER00016,Inaya Saran,1991-02-08,HYTOJ2129E,"628, Zachariah Street, Gorakhpur 345460",120000,Filed
PER00017,Chaaya Cherian,1978-07-04,EEFTL5299S,"342, Dhaliwal Street, Bilaspur-256989",35000,Filed
PER00018,Xiti Dewan,1982-03-09,SWCZH7712T,"001, Loyal Circle, Mirzapur-852256",35000,Filed
PER00019,Geetika Comar,1974-05-22,ASRLN6916S,"980, Sule Ganj, Satna-491620",120000,Filed
PER00020,Harita Swaminathan,1985-11-07,XHLWV6838C,"H.No. 54, Varghese Nagar, Bettiah 923001",50000,Filed
PER00021,Suhani Sachar,1981-04-14,JXOOL5686S,"H.No. 99, Chaudhry Zila, Amravati 904063",35000,Not Filed
PER00022,Mitali Kuruvilla,1962-05-13,RPTDR1280V,"63/37, Yohannan Path, Bhagalpur 345438",50000,Filed
PER00023,Nirja Ray,1976-05-14,OTVLR7027S,"39, Dhingra, Bhalswa Jahangir Pur 527323",50000,Not Filed
PER00024,Peter Krish,1987-03-20,OMBTM6805M,"01/908, Tara Marg, Raiganj-355515",45000,Filed
PER00025,Om Hayre,1990-11-18,RPJPG9242D,"H.No. 69, Chatterjee Nagar, Dhule-013581",35000,Not Filed
PER00026,Vamakshi Subramaniam,1993-01-31,RYIIG2782N,"90/519, Panchal Ganj, Tiruchirappalli-231736",35000,Filed
PER00027,Ekbal Dyal,1997-01-16,IOBPT7446O,"H.No. 859, Jain Chowk, Sambhal 831696",0,Filed
PER00028,Varsha De,1983-07-25,APQWU8382B,"H.No. 41, Narula Street, Khammam-118640",50000,Not Filed
PER00029,Diya Gade,1978-08-26,WSNSI7331D,"H.No. 58, Bahl, Agra 915490",35000,Filed
PER00030,Saumya Bhatia,1987-02-11,MKEPL9051R,"H.No. 463, Wadhwa Nagar, Guna 249767",35000,Filed
PER00031,Jeevika Dixit,2006-06-10,EACND1732W,"H.No. 77, Sehgal Nagar, Bhilwara 816023",50000,Filed
PER00032,Ishani Din,1961-08-23,IFQFN2361E,"05/535, Sarna Zila, Machilipatnam 042276",65000,Filed
PER00033,Rachit Nair,1981-12-20,SQEBL9971P,"375, Vyas Marg, Rourkela-204644",45000,Filed
PER00034,Pooja Doctor,1974-11-13,EZBOT4686T,"82/729, Sathe Ganj, Warangal-152476",35000,Filed
PER00035,Upadhriti Nigam,1992-08-04,LVRDA6007C,"50, Dubey Street, Jaipur 149824",45000,Filed
PER00036,Xalak Murthy,1960-04-08,GVSXV0128X,"606, Radhakrishnan Circle, Munger-421244",45000,Filed
PER00037,Azad Swaminathan,1992-11-28,LDKQS8892X,"99/639, Sengupta Circle, Sirsa-406747",45000,Not Filed
PER00038,Kevin Sarin,1999-02-18,ULXBR3144B,"16/928, Dada Nagar, Sikar-310921",65000,Filed
PER00039,Amrita Datta,1993-01-17,IMLSB7761R,"70/797, Brar Circle, Darbhanga-474497",35000,Filed
PER00040,Bhanumati Pau,2004-06-17,PKIIP8356H,"863, Nair Ganj, Panchkula-129391",45000,Pending
PER00041,Aradhana Batta,1982-04-12,ESYIN3152Z,"42, Ganesh, Nangloi Jat-764545",50000,Not Filed
PER00042,Anika Oza,1973-05-26,KZYJV7758X,"32/03, Kuruvilla Ganj, Karnal 268045",50000,Filed
PER00043,Nathaniel Naidu,1991-07-08,CEFDZ2175N,"44, Kamdar Chowk, Bhimavaram 824470",35000,Filed
PER00044,Jasmit Arya,1957-10-22,KQMCE1247H,"96, Agarwal Circle, Kozhikode-647693",50000,Not Filed
PER00045,Anmol Dugar,1998-07-07,JAVAJ2312K,"H.No. 53, Dugar Marg, Eluru-043595",35000,Filed
PER00046,Dipta Hayer,1955-01-23,BBLRM5449X,"H.No. 38, Banerjee Circle, Chapra-259128",50000,Not Filed
PER00047,Jai Nadig,1993-01-28,BYOHI6551A,"H.No. 26, Sundaram, Tumkur 205168",45000,Filed
PER00048,Mekhala Chopra,1963-08-21,RWXZF9909O,"85, Virk Ganj, Aurangabad 665677",45000,Filed
PER00049,Amruta Raghavan,1959-04-07,FACEP7764Z,"51/243, Subramaniam Road, Erode 138421",45000,Filed
PER00050,Naksh Zacharia,2006-05-09,EBAGU2183Y,"H.No. 29, Dayal Marg, Vijayawada-957487",0,Filed
PER00051,Ethan Kashyap,1985-09-26,LCCYI9344Z,"610, Bhasin Road, Rampur-672243",80000,Pending
PER00052,Nirja Verma,1994-07-27,TQMDO8648C,"55, Barad Ganj, Arrah-135212",45000,Filed
PER00053,Nirja Joshi,1978-10-26,YZDDA5457A,"414, Kohli Marg, Tezpur 291333",0,Filed
PER00054,Alka Sangha,1962-11-05,SLCJV6346P,"74/545, Das Chowk, Srikakulam-893745",80000,Filed
PER00055,Harish Narayanan,1997-05-31,ZTJWQ1886W,"16/72, Kamdar Nagar, Hindupur 255072",65000,Filed
PER00056,Ayush Dani,1979-10-08,LXULK4457O,"H.No. 14, Randhawa Road, Jamnagar 699625",65000,Pending
PER00057,Nihal Madan,1988-02-04,NOZVS5584W,"H.No. 026, Magar Street, Dewas 856476",35000,Not Filed
PER00058,Omya Kala,1997-04-24,KJXUZ5202G,"82, Issac Marg, Fatehpur 855889",35000,Filed
PER00059,Ekapad Sengupta,1997-06-23,CKIQI1319J,"83, Chaudhry Circle, Gurgaon-109647",45000,Not Filed
PER00060,Anusha Sem,2004-04-01,THTYS3937M,"29/55, Date Circle, Tiruppur-016200",120000,Not Filed
PER00061,Kamala Grover,1979-05-24,FMIIT0878X,"H.No. 757, Sur Circle, Tirunelveli-508482",35000,Not Filed
PER00062,Imaran Bains,1959-06-28,ZXMUR5474C,"79/761, Warrior, Bettiah-300992",50000,Filed
PER00063,Manbir Bath,2000-01-04,LAVIQ5906E,"H.No. 050, Bala Path, Sikar-159071",35000,Filed
PER00064,Idika Gill,2006-06-14,INCHJ8827K,"788, Toor Circle, Tezpur 920087",80000,Not Filed
PER00065,Kala Samra,1961-08-05,OBAHP7957A,"963, Pingle Street, Bulandshahr-692926",65000,Filed
PER00066,Wishi Soman,1975-09-01,IRNMK3853A,"53, Bala Road, Siliguri 646754",50000,Not Filed
PER00067,Ucchal Sodhi,1987-12-07,ZBXBA5640S,"586, Shah, Bhalswa Jahangir Pur-809496",35000,Filed
PER00068,Neel Basu,1977-04-07,TVNXR0966V,"38/59, Chad Zila, Erode 847844",50000,Not Filed
PER00069,Nisha Salvi,2005-10-02,ARLUL7283K,"87/086, Goyal Circle, Bhatpara 211817",80000,Filed
PER00070,Timothy Iyengar,1974-06-24,WUJWL4417G,"73/313, Tailor Zila, Berhampore-323129",80000,Not Filed
PER00071,Advay Pal,2000-10-27,KPWKN6890Z,"62/17, Basak, Srinagar 356098",35000,Filed
PER00072,Ojasvi Mukherjee,1966-08-03,ADAQS7138X,"29/24, Thaker Chowk, Fatehpur-687697",80000,Filed
PER00073,Amrita Sidhu,1974-03-08,HODAI2757L,"H.No. 13, Sha Chowk, Dhule-545381",50000,Filed
PER00074,Parth Chakrabarti,2007-08-05,RSZHP0951U,"84/17, Bahl Nagar, Siliguri 478741",65000,Not Filed
PER00075,Arjun Venkatesh,1968-01-15,JIYBE5660F,"H.No. 484, Bali Chowk, Guna 434385",50000,Filed
PER00076,Dayita Bora,1991-04-04,DQRSJ9936Y,"H.No. 532, Bajwa Chowk, Hyderabad 438856",45000,Filed
PER00077,Abdul Khurana,2004-05-31,ZCPIT1359X,"H.No. 86, Parikh Nagar, Guntur 168119",65000,Filed
PER00078,Zayan Mallick,1996-05-21,PVRRH6274U,"92, Shan Zila, Madanapalle-466280",50000,Filed
PER00079,Ethan Mitter,1997-10-13,UVOAC8180V,"23, Ranganathan Ganj, Belgaum-361201",35000,Not Filed
PER00080,Reyansh Bandi,2001-07-27,UEPFQ0728J,"47, Mani Path, Anand-622629",0,Filed
PER00081,Kavya Seth,1985-03-13,VINIL5820X,"H.No. 59, Zacharia Street, Medininagar 650442",0,Filed
PER00082,Baljiwan Dugal,1964-06-01,NMICG4391L,"80/75, Vasa Ganj, Pondicherry-755437",200000,Filed
PER00083,Devika Banik,1994-03-04,AFPUN0102W,"18, Prabhakar Circle, Jodhpur 571931",35000,Filed
PER00084,Darika Bava,1978-02-26,INSUG9688V,"896, Mangal Marg, Kulti-668080",50000,Not Filed
PER00085,Divya Talwar,1988-07-07,HFRHK2439A,"H.No. 783, Saran Road, Bathinda-175846",80000,Filed
PER00086,Ekaja Bahri,1990-05-17,KUMJG4631H,"65/10, Bumb Nagar, Moradabad-226323",45000,Not Filed
PER00087,Netra Shan,1983-05-16,WBNGE9236U,"H.No. 05, Bath Road, Visakhapatnam-329780",120000,Filed
PER00088,Wishi Nanda,1971-04-08,YLUTP1460Z,"83, Hora Zila, Srinagar-278190",50000,Filed
PER00089,Madhavi Thakur,1962-03-28,VSQTD8550A,"H.No. 136, Vig Ganj, Singrauli 248757",45000,Filed
PER00090,Shravya Banik,1984-05-07,VGYKE9116Q,"H.No. 89, Bhagat Nagar, Siliguri 180491",35000,Filed
PER00091,Sai Gour,1996-01-11,HIDTU8796V,"60/014, Sachdeva Road, Bardhaman-762638",45000,Filed
PER00092,Tamanna Gola,1970-05-15,HBIZX8513G,"30/66, Chandran Zila, Rewa 204909",65000,Filed
PER00093,Anvi Pandit,1974-07-22,KTOTE1867I,"56, Nair, Unnao 149441",45000,Filed
PER00094,Fariq Khurana,1990-07-08,SBYOH8821Z,"14, Chakraborty Street, Mathura 291363",120000,Pending
PER00095,Advay Chadha,1990-01-13,QABBG3966S,"11/02, Ratta Chowk, Ichalkaranji-116142",65000,Filed
PER00096,Oviya Amble,1985-12-07,QWVXK7086V,"H.No. 18, Bains Ganj, Bidhannagar-091834",200000,Filed
PER00097,Fariq Basu,1971-01-15,OWLUH4511J,"82, Mani Circle, Bareilly 631313",45000,Not Filed
PER00098,Janaki Mammen,1981-10-17,OZXPJ2030Q,"H.No. 20, Dalal Road, Hazaribagh-348430",200000,Filed
PER00099,Akshay Balasubramanian,1963-06-25,GWGCB6565M,"81, Tak Zila, Nellore-930536",120000,Filed
PER00100,Garima Halder,1978-02-16,LKNAN0430L,"65/37, Narula Circle, Shimla 310205",50000,Not Filed
PER00101,Jason Dass,1968-03-18,UIHJI9831V,"H.No. 232, Lall Ganj, Visakhapatnam 587462",80000,Pending
PER00102,Avni Chandran,2007-08-26,VKAKN7212A,"62/415, Parmer Ganj, Panipat-404121",35000,Filed
PER00103,Rachana Chowdhury,1976-04-02,FBQQK3324V,"H.No. 62, Biswas Circle, Durg-651592",200000,Filed
PER00104,Ladli Din,1969-11-29,GNLPA3053Z,"63/90, Butala Nagar, Agartala-774438",50000,Not Filed
PER00105,Krish Chand,1987-02-07,GCFZE8585G,"01/794, Mahal, Saharanpur 951945",65000,Filed
PER00106,Advika Krishnan,1984-05-02,QFSNB0232X,"H.No. 858, Sachdev Street, Serampore 347303",45000,Filed
PER00107,Advika Thakkar,2007-04-25,VQNZF1597W,"H.No. 63, Batta Ganj, Chittoor 132016",35000,Not Filed
PER00108,Damyanti Bhatti,1979-08-21,ZKXIZ1973Y,"95, Pai Path, Amroha-271390",35000,Filed
PER00109,Aashi Kant,1979-03-10,EGZVJ6750P,"34/70, Venkatesh Ganj, Siwan-587045",45000,Filed
PER00110,Henry Chacko,1990-06-17,IEQUC3723R,"91, Pathak Path, Tadepalligudem 458492",50000,Filed
PER00111,Dalaja Bava,1992-10-30,ZBKPH1723R,"37/641, Radhakrishnan Ganj, Faridabad 834763",200000,Filed
PER00112,Saksham Roy,1965-10-12,EABRE4121P,"H.No. 29, Kumar Road, Vasai-Virar 742570",65000,Filed
PER00113,Ridhi Rana,1996-08-24,GJAJJ8572H,"10, Mukherjee, Rourkela-304553",0,Filed
PER00114,Omaja Manda,1985-03-12,JUFYK7978A,"H.No. 377, Bhatti Path, Dindigul 360028",80000,Pending
PER00115,Chatresh Dash,1996-03-27,EVVTP7069M,"H.No. 236, Sankar Path, Avadi 990058",45000,Filed
PER00116,Mahika Chaudhari,2001-11-10,BWQVQ7623D,"30/97, Salvi Zila, Panvel 744027",200000,Filed
PER00117,Michael Nigam,1993-05-23,FDVAX2381Z,"95/607, Virk Street, Muzaffarnagar 276272",35000,Not Filed
PER00118,Victor Mishra,1985-10-18,CEKTS0131T,"70/625, Raj Circle, Phusro 563898",65000,Not Filed
PER00119,Hemal Chander,1980-07-15,OAABQ4774A,"018, Contractor, Miryalaguda 811926",80000,Filed
PER00120,Damyanti Kashyap,1973-08-06,RGTFZ7715I,"720, Mangat Nagar, Jabalpur-093258",200000,Filed
PER00121,Dev Basu,1964-10-16,VPFTH8743D,"965, Bhat Ganj, Dindigul 566365",35000,Filed
PER00122,Adya Ratti,1979-06-25,UBLNZ4393A,"H.No. 62, Borde Street, Gwalior-127970",35000,Filed
PER00123,Rachana Sule,1959-08-04,GCFHI1838I,"15, Mani Ganj, Nizamabad-749279",35000,Filed
PER00124,Timothy Tandon,1978-09-13,QGZHC1102O,"54/36, Aurora Circle, Coimbatore 461237",45000,Filed
PER00125,Ekta Mody,1968-06-12,CUECX0414G,"74, Sawhney Nagar, Bellary 231737",50000,Filed
PER00126,Saumya Roy,1990-08-19,KEHHW9311R,"H.No. 97, Muni Path, Ratlam 891720",50000,Filed
PER00127,Sarthak Naik,1971-04-18,JQQLD0112W,"H.No. 416, Seshadri Path, Alappuzha 732665",50000,Filed
PER00128,Saanvi Chana,1958-06-06,UEBXO7134Z,"22, Kapoor Road, Narasaraopet 826440",120000,Filed
PER00129,Victor Venkatesh,1979-02-10,LKAFA5282L,"627, Parikh Road, Raiganj-782429",35000,Filed
PER00130,Suhani Kaur,1971-02-26,SXCGO0673O,"24/618, Mandal Path, Korba 078447",45000,Filed
PER00131,Qadim Bajwa,2005-11-12,YCNIE6965H,"560, Dyal Street, Khandwa 648549",45000,Not Filed
PER00132,Kritika Patla,1992-02-11,UYODB8813R,"H.No. 23, Morar Street, Bettiah-796316",35000,Pending
PER00133,Balveer Narayan,1972-05-29,XEBZL0542V,"32, Upadhyay Chowk, Orai 656126",80000,Not Filed
PER00134,Dhruv Dass,2004-04-15,FMQNT6115A,"557, Madan Street, Hospet 178853",80000,Not Filed
PER00135,Manya Garde,1976-07-05,DEHPI2755N,"H.No. 32, Zachariah Ganj, Sikar 812178",65000,Filed
PER00136,Gunbir Gole,1967-09-19,QALKL7539A,"H.No. 334, Babu Road, Aurangabad 765806",45000,Filed
PER00137,Yashvi Anne,1992-02-08,BWDOL9792J,"H.No. 20, Datta Circle, Dehri 665358",50000,Filed
PER00138,Ekaja Goel,2003-06-26,YWPYY7576I,"H.No. 859, Tiwari Path, Raebareli 236736",65000,Filed
PER00139,Imaran Bera,1999-03-13,OEWTO7980L,"703, Brar Ganj, Solapur 738182",35000,Filed
PER00140,Falak Deol,1980-11-14,BDKCV4272D,"H.No. 582, Dass Road, Bettiah 815408",45000,Filed
PER00141,Anusha Rao,1959-05-30,MAHKD9897Y,"611, Ben Nagar, Jaipur 636575",45000,Not Filed
PER00142,Gabriel Pillai,1980-06-30,RMMXK0455D,"127, Tripathi, Hyderabad 589910",35000,Filed
PER00143,Ansh Guha,1959-02-15,XLOPK8007F,"53/825, Sundaram, Kharagpur 887172",35000,Filed
PER00144,Onkar Apte,1957-01-06,FKCRE8315X,"00, Yogi Circle, Gorakhpur 614879",50000,Filed
PER00145,Ati Baria,1962-06-18,RDKLQ6440O,"75/72, Shan Marg, Cuttack 915940",80000,Filed
PER00146,Krisha Sant,2006-04-02,HONCP3034W,"54, Narayan Nagar, Guna 690071",65000,Not Filed
PER00147,Zehaan Khurana,1966-12-03,TWDBN3557H,"H.No. 198, Bora Path, Raiganj-519545",80000,Not Filed
PER00148,Ekapad Choudhury,1962-08-20,GEMNM6407K,"57/287, Parikh Ganj, Katni 244610",35000,Not Filed
PER00149,Krishna Wagle,2004-10-30,EZQEV0212S,"H.No. 66, Tata Circle, Sri Ganganagar-659705",50000,Not Filed
PER00150,Wahab Parmar,1992-02-03,IHKNC6097C,"H.No. 38, Dasgupta Zila, Avadi 418374",45000,Filed
PER00151,Eta Vyas,1966-10-12,YRYCU2484O,"H.No. 68, Raval Marg, Bangalore 379585",80000,Filed
PER00152,Tripti Gaba,1978-01-28,EJCWF3325O,"57, Brahmbhatt Street, Proddatur-719566",120000,Filed
PER00153,Girik Subramaniam,1993-11-05,YQYNL9016J,"10/38, Jayaraman Circle, Delhi-063464",65000,Filed
PER00154,Wridesh Magar,1988-12-27,QLEIH5350W,"97/188, Vasa Marg, Junagadh 123904",200000,Filed
PER00155,Varsha Talwar,1960-08-24,XIQLI5506M,"H.No. 005, Sampath Street, Mau 872644",45000,Filed
PER00156,Sathvik Pathak,1973-11-11,BOJLY9534L,"414, Sachar Chowk, Gorakhpur 549358",45000,Filed
PER00157,Saumya Nori,1988-04-13,PLCHM2147L,"H.No. 42, Luthra Path, Mira-Bhayandar-685448",80000,Filed
PER00158,Viraj Sahota,1992-04-03,PJMFJ2898W,"003, Andra, Madhyamgram-560164",0,Not Filed
PER00159,Shivansh Bora,2001-03-15,NJTNV8530B,"H.No. 06, Lal Chowk, Jalna 748816",35000,Filed
PER00160,Tanish Natarajan,1988-07-21,BXTNH5669O,"584, Ganguly Ganj, Ramagundam 035666",35000,Pending
PER00161,Sai Behl,1977-07-29,FRBGO8309S,"388, Keer Road, Hajipur 734147",50000,Not Filed
PER00162,Diya Gulati,1988-02-16,ZCFKJ3317A,"75/89, Bhatia Marg, Mahbubnagar-605537",45000,Pending
PER00163,Varsha Ramesh,1988-12-21,UUVWN7687N,"16/200, Wadhwa Chowk, Naihati-828022",45000,Pending
PER00164,Shivani Char,1989-11-03,RKMBD4422U,"07/825, Dara Marg, Bulandshahr 248675",35000,Not Filed
PER00165,Vihaan Goda,1961-06-14,RSOHU7918H,"76, Cherian Marg, Gandhinagar 429734",50000,Filed
PER00166,Tara Bath,1958-01-05,OOHLF7507E,"33/87, Raju Path, Katihar-315120",35000,Filed
PER00167,Aadi Mahajan,2002-08-14,PTKNH3693E,"00/33, Naik Chowk, Hajipur 645820",45000,Filed
PER00168,Sai Srinivasan,1997-02-27,JKJZQ1779J,"355, Wable Path, Haridwar-163285",80000,Filed
PER00169,Siddharth Parikh,2005-12-13,GNTQD1517H,"H.No. 134, Kunda Nagar, Sri Ganganagar 507390",35000,Filed
PER00170,George Jayaraman,2004-06-09,WLCVA3833K,"28, Shah Chowk, Coimbatore 624439",50000,Filed
PER00171,Balveer Nair,1955-09-05,QTRTG0328E,"H.No. 817, Brahmbhatt Ganj, Rajpur Sonarpur 610658",80000,Filed
PER00172,Rushil Master,1955-06-10,WESSR9695E,"H.No. 65, More Chowk, Vadodara 566933",45000,Filed
PER00173,Jyoti Ratti,2002-12-15,EVJBV0520P,"H.No. 66, Bhardwaj, Panipat 723580",0,Filed
PER00174,Gauri Loke,1956-09-01,CHTOD2020U,"27, Roy Street, Danapur 349811",50000,Filed
PER00175,Zaid Babu,1966-08-19,ONOZC2510T,"834, Sahni, Tirupati-291812",45000,Not Filed
PER00176,Bachittar Nayar,1975-06-19,JOUIO7253S,"41/05, Narain Circle, Bathinda 825898",80000,Filed
PER00177,Ekaja Sane,1995-10-15,FMHGR4381L,"H.No. 69, Solanki Marg, Aizawl-116219",80000,Not Filed
PER00178,Isaac Kunda,1958-05-21,ZTXKV9272I,"369, Banerjee Circle, Korba-919182",65000,Filed
PER00179,Naveen Ravi,1984-08-18,COJGT9553N,"87/598, Ray Circle, Belgaum 934925",0,Filed
PER00180,Brijesh More,1988-07-25,SAIBR5097Z,"H.No. 561, Solanki Road, Katni 716704",0,Filed
PER00181,Oeshi Deep,1975-07-04,NGGDN1024Z,"333, Dhingra, Kurnool 511637",80000,Not Filed
PER00182,Dayamai Raghavan,1962-01-23,XGKXB5375U,"45, Varty Marg, Rewa 443597",200000,Pending
PER00183,Rohan Yohannan,1975-12-12,PIJPX7808D,"18, Karan Chowk, Ghaziabad 064181",80000,Filed
PER00184,Tanmayi Natt,1967-11-20,SNAFG2383T,"H.No. 748, Bala, Kishanganj-694127",50000,Filed
PER00185,Om Saxena,1982-10-25,RSXWK6571E,"H.No. 537, Palla Nagar, Akola-019139",45000,Filed
PER00186,Panini Bir,1993-12-02,AIIVD9336D,"64/12, Chaudhari Road, Korba-301603",35000,Not Filed
PER00187,Aditya Dar,1965-08-20,WSDGM7565O,"H.No. 698, Kala Nagar, Dehradun-818143",45000,Filed
PER00188,Madhav Bobal,1980-08-16,QEKDR1525X,"11, Bala Circle, Durgapur 273381",50000,Pending
PER00189,Edhitha Hayre,1990-08-08,WVNBX2489Z,"98/67, Pandey Road, Raurkela Industrial Township-217823",50000,Filed
PER00190,Ganga Dubey,2001-07-06,PZTOR8118K,"22, Dora, Raebareli-693594",45000,Filed
PER00191,Darika Khatri,1978-03-31,SVNGW2327I,"H.No. 045, Babu Circle, Orai-876778",65000,Filed
PER00192,Chaaya Lad,1965-12-12,RNUVT7620E,"H.No. 277, Bhatti, Mathura-656442",65000,Filed
PER00193,Simon Purohit,1954-09-11,TCJGJ8077W,"931, Karnik Circle, North Dumdum 342058",0,Filed
PER00194,Arin Bhatti,2002-09-12,XLWQU7803B,"H.No. 99, Patil Nagar, Berhampore 312482",50000,Not Filed
PER00195,Peter Sawhney,1986-03-31,GNRMZ5404O,"58/65, Loke, Navi Mumbai 748905",65000,Pending
PER00196,Aradhana Brahmbhatt,1991-03-22,MQHCJ3426I,"H.No. 61, Atwal Circle, Srinagar 869927",50000,Filed
PER00197,Eshana Sahni,1972-09-02,UZXFP2669T,"H.No. 877, Madan, Sangli-Miraj & Kupwad 632042",45000,Filed
PER00198,Jhalak Ratta,1969-11-12,VHHAK1649H,"258, Srinivas Chowk, Latur-814539",200000,Filed
PER00199,Agastya Gera,1981-01-05,OGYXQ8606D,"H.No. 38, Taneja Street, Pali 592762",65000,Filed
PER00200,Hemangini Bath,2007-03-05,EQKFG4602T,"497, Nair Chowk, Jehanabad 109543",50000,Filed
PER00201,Zayan Chada,1966-06-17,DNZDV6878R,"H.No. 18, Vala, Motihari-050851",50000,Filed
PER00202,Maanav Sama,2007-03-15,BAGSU5186X,"69, Bir Nagar, Ratlam-715477",35000,Pending
PER00203,Kalpit Sehgal,1958-08-19,DHEUT4885T,"H.No. 052, Sachdeva Nagar, Sri Ganganagar-503803",45000,Filed
PER00204,Mason Rajagopalan,1983-01-15,PMRQK7111X,"92/744, Pant Chowk, Sikar-404773",45000,Filed
PER00205,Omisha Ramachandran,1958-06-12,INVIC7823Z,"97/207, Mane Marg, Ratlam-024144",35000,Filed
PER00206,Rudra Dada,1982-06-10,PKLIH9492Z,"33/485, Pandit Nagar, Gangtok-346512",45000,Filed
PER00207,Zinal Sastry,1983-12-09,KNCPA1803P,"H.No. 02, Bala Chowk, North Dumdum 215380",35000,Filed
PER00208,Wazir Bobal,1956-02-29,OXZMN9367I,"H.No. 216, Ramachandran Marg, Guntakal 851541",35000,Filed
PER00209,Diya Tank,1967-02-23,KQBPE8677G,"H.No. 79, Dhawan Nagar, Meerut 427923",45000,Filed
PER00210,Christopher Biswas,1966-12-09,VROSU1339Z,"17/107, Sahni Path, Hospet-449389",65000,Filed
PER00211,Niharika Wagle,1982-07-19,JQGPZ8451A,"42/96, Pandey Path, Phusro 184134",45000,Filed
PER00212,Wakeeta Kalita,2002-06-01,OKBKT9072L,"H.No. 24, Palan Ganj, Narasaraopet-292296",50000,Filed
PER00213,Neha Amble,1983-10-16,MHWFB7161B,"68/786, Chowdhury Chowk, Firozabad-137222",45000,Filed
PER00214,Yashawini Seshadri,1998-04-23,JBBKA2846Q,"97/235, Ramachandran Chowk, Bhagalpur 562207",0,Not Filed
PER00215,Ishani Balan,1972-04-11,QYRYF5654D,"H.No. 305, Rajagopal Ganj, Bongaigaon-637528",120000,Not Filed
PER00216,Panini Dube,1983-10-01,AHRQX5607B,"20/54, Ben Circle, Burhanpur-440602",80000,Not Filed
PER00217,Oscar Dey,1994-11-15,YXYTB9023Y,"H.No. 97, Mukhopadhyay Circle, Rewa 838870",45000,Filed
PER00218,Mugdha Sabharwal,1968-12-04,OMYHJ0540W,"H.No. 38, Karnik Path, Ghaziabad-884405",65000,Filed
PER00219,Anay Vohra,1998-08-20,PVFRG0206M,"363, Dora Zila, Burhanpur 830514",65000,Filed
PER00220,Ishani Ravel,1995-09-04,QZSLT9401Y,"05, Din, Aligarh 511895",45000,Filed
PER00221,Sneha Setty,1992-05-04,KMLEJ1274V,"31/635, Sule Ganj, Bhilai 272216",50000,Filed
PER00222,Max Wali,1959-06-05,PQOQP6948M,"H.No. 24, Natarajan Ganj, North Dumdum 271569",45000,Filed
PER00223,Nandini Kumar,1984-07-10,RYNDF4113N,"976, Vora Ganj, Visakhapatnam-047090",80000,Filed
PER00224,Patrick Chauhan,1999-11-07,RTMUX7417H,"158, Mutti Zila, Ghaziabad 704873",35000,Pending
PER00225,Devika Korpal,1957-08-17,METFK0050I,"H.No. 31, Gour Zila, Tenali-030014",50000,Filed
PER00226,Lohit Kurian,1968-05-04,GGMXP8067Z,"21/18, Dasgupta, Varanasi 090106",0,Not Filed
PER00227,Ekansh Bhavsar,1970-03-14,WQPMR0007K,"87/37, Patla Zila, Kakinada-415905",65000,Pending
PER00228,Shaurya Acharya,1990-11-28,UCMPK5563O,"H.No. 917, Kurian Street, Ongole 323035",45000,Filed
PER00229,Jagat Sachdev,1984-11-30,GRFSZ0143F,"H.No. 78, Tailor Chowk, Guntur 664794",50000,Not Filed
PER00230,Chandresh Sani,1980-10-17,JGSEC8515S,"H.No. 657, Kapur Chowk, Ozhukarai-355493",65000,Filed
PER00231,Zayyan Bora,2000-05-07,JUALG0345O,"69/443, Suri Circle, Muzaffarpur 341490",35000,Filed
PER00232,Warjas Rout,1955-04-12,HQSMR8837L,"584, Pathak Zila, Imphal 365320",0,Pending
PER00233,Bakhshi Zacharia,1990-11-28,YVTXR2913Z,"157, Balakrishnan Street, Bhind 430521",35000,Filed
PER00234,Ekantika Grewal,1961-02-11,JPPOF9348T,"10, Bhattacharyya Zila, Udaipur 870400",50000,Not Filed
PER00235,Aditya Varty,1959-06-18,DSHHL2633W,"36/166, Kohli Chowk, Solapur-487341",50000,Filed
PER00236,Anusha Anne,1963-11-26,ENLGA1992A,"79, Sood Circle, Bhalswa Jahangir Pur-753522",45000,Filed
PER00237,Adya Sibal,1976-05-22,YZIRI7439O,"084, Muni Marg, Hyderabad-396891",45000,Filed
PER00238,Udyati Gopal,1956-05-09,XAYKL1110L,"H.No. 495, Wason Road, Kochi 487186",50000,Filed
PER00239,Varsha Yadav,1991-01-18,OHYMU0490Y,"H.No. 006, Sama, Bellary 552757",80000,Not Filed
PER00240,Ishanvi Upadhyay,1999-08-01,SOOUM4641D,"183, Gokhale, Sambhal-099374",65000,Not Filed
PER00241,Bahadurjit Issac,2003-05-09,RBJST0408N,"H.No. 12, Banerjee Nagar, Vijayanagaram 247277",65000,Not Filed
PER00242,Yauvani Kade,1975-06-03,YDHMC7715E,"889, Saraf Zila, Hapur-635747",35000,Not Filed
PER00243,Logan Grewal,1997-01-24,MHJTD9701M,"22/255, Padmanabhan, Jorhat 086445",120000,Filed
PER00244,Eesha Bhardwaj,2003-10-13,DDUTX9086T,"H.No. 316, Nori Chowk, Ujjain 947235",65000,Filed
PER00245,Leela Yogi,1992-11-04,FDALL9581A,"54, Ganesan Chowk, Panvel-690603",80000,Filed
PER00246,Mitali Doctor,1993-10-31,BMBRQ8315L,"81, Gopal Marg, Ongole 665044",35000,Filed
PER00247,Andrew Mander,1979-04-25,RTJLH8473Z,"709, Raghavan, Bareilly 021878",65000,Filed
PER00248,Upasna Master,1969-09-05,NTUWI7215Z,"547, Narayanan Road, Sasaram 733430",45000,Filed
PER00249,Ikshita Ram,1976-05-24,ANCQC2303W,"H.No. 328, Manne Circle, Mysore-155739",0,Pending
PER00250,Tejas Subramanian,1999-10-31,RJURV9746C,"09/586, Ray Ganj, Kottayam-424709",65000,Not Filed
PER00251,Brijesh Atwal,2003-08-22,RUVOY0264D,"H.No. 224, Ramanathan, Chapra-408759",80000,Pending
PER00252,Oliver Pandey,1991-09-01,HOXNJ5060G,"297, Pall Ganj, Rajpur Sonarpur 363248",50000,Not Filed
PER00253,Manthan Maharaj,1957-09-13,UUZMT1043F,"H.No. 77, Bhatia Zila, Jalgaon 005543",35000,Not Filed
PER00254,Kashish Muni,1967-07-17,LSKNC3639Y,"117, Oza, Shahjahanpur 750457",65000,Filed
PER00255,Onkar Prabhakar,1987-07-07,URHMS2949V,"H.No. 69, Kade Street, Orai 878742",45000,Filed
PER00256,Hamsini Parmer,1977-04-04,BCAIB2261D,"89/22, Sarraf, Amravati-706584",45000,Filed
PER00257,Omya Kaur,1970-02-16,JJRSH7715T,"23/45, Chander Ganj, Singrauli-121508",50000,Filed
PER00258,Upma Doctor,1969-04-05,BKTSU9268M,"H.No. 75, Divan Zila, Phagwara 223327",35000,Pending
PER00259,Advaith Sibal,1974-03-07,FHPTP3417H,"84, More Chowk, Rajpur Sonarpur 429512",35000,Not Filed
PER00260,Harita Savant,1954-11-09,NAXBE3028G,"H.No. 69, Chanda Chowk, Pimpri-Chinchwad 377821",35000,Filed
PER00261,Ekansh Mody,1964-12-18,UGDRZ0271G,"097, Morar Circle, Latur-826993",45000,Filed
PER00262,Utkarsh Keer,1996-09-11,MYUIA5512A,"95, Boase, Muzaffarnagar 077047",45000,Filed
PER00263,Siya Krish,2004-04-17,LIYRS2744O,"84/865, Ahluwalia Zila, Varanasi 745749",65000,Filed
PER00264,Amaira Pandit,1964-04-07,HMQMF7533T,"20/238, Hayre Zila, Vijayanagaram 823548",120000,Filed
PER00265,Jonathan Bose,1959-11-15,PZKYC8140C,"31/988, Seshadri Street, Etawah-294561",35000,Filed
PER00266,Priya Rau,2007-04-05,NOFCH2115T,"H.No. 77, Grewal Street, Surendranagar Dudhrej 834561",120000,Filed
PER00267,Aadi Yogi,1965-08-09,YWRXA7161A,"98/762, Misra Nagar, Chandrapur-915744",45000,Not Filed
PER00268,Faqid Randhawa,1967-04-22,KRDDX7569Q,"09/793, Butala Zila, Kalyan-Dombivli-011361",80000,Filed
PER00269,Netra Sekhon,1986-01-22,SZGQX4402Z,"32, Dugar Street, Bhatpara-132419",50000,Filed
PER00270,Indali Mistry,1959-01-27,YPIXN6702V,"01/687, Bal Ganj, Anantapuram 237967",0,Not Filed
PER00271,Hredhaan Walla,1959-08-16,TYPOX6321I,"72, Sampath Nagar, Ghaziabad-615566",65000,Pending
PER00272,Madhav Chopra,1963-01-19,JSUEI8557O,"25, Virk Nagar, Panchkula-358394",65000,Filed
PER00273,Nidhi Narang,1981-08-27,FUEUH6189S,"87/83, Minhas Circle, Madurai 548814",35000,Filed
PER00274,Idika Sarraf,1973-08-03,HJNXR3316K,"04, Sandhu Nagar, Kota 732479",50000,Filed
PER00275,Libni Rana,1971-04-06,OTYOB0045S,"444, Chopra Marg, Karaikudi-113397",80000,Filed
PER00276,Damini Dua,1965-07-20,TWNVE4616E,"H.No. 814, Goel Zila, Kulti-904684",45000,Filed
PER00277,Arunima Borra,1986-10-13,KSOIS4265Y,"25/75, Wable Ganj, Yamunanagar 567949",35000,Filed
PER00278,Ishwar Patla,1994-07-14,GQXNY8641Y,"H.No. 08, Nagarajan Path, Siliguri-688186",0,Filed
PER00279,Champak Deol,1959-10-07,CHSTK1824V,"H.No. 021, Dave Nagar, Mysore 275258",45000,Not Filed
PER00280,Aditya Shah,1971-12-03,UXLVR7710X,"082, Gola Marg, Tirunelveli 510025",65000,Filed
PER00281,Shivansh Sunder,1970-07-24,ZGGER3478T,"87/68, Lall Zila, Sagar 096583",35000,Filed
PER00282,Rachana Parsa,1970-03-17,BMBJY7100K,"64, Murthy Circle, Loni-604181",65000,Not Filed
PER00283,Lucky Nayak,2000-08-25,LFJTQ0285A,"H.No. 09, Rama, Gopalpur-060408",120000,Filed
PER00284,Omya Zachariah,1984-07-26,WFZEI2648D,"70, Sawhney Zila, Junagadh 450095",120000,Pending
PER00285,George Bhasin,1996-09-20,PJSBD2898T,"08/53, Wason Zila, Gwalior 544827",0,Filed
PER00286,Kashish Bobal,1976-03-27,FXUCM7940R,"422, Sawhney Nagar, Sonipat 595972",200000,Filed
PER00287,Meera Bandi,1964-07-02,KZTET1290K,"H.No. 190, Chahal, Burhanpur-573639",50000,Filed
PER00288,Fitan Saraf,1985-10-17,OPCDM5869M,"H.No. 237, Mangal Chowk, Dharmavaram-151485",80000,Filed
PER00289,Upkaar Wali,1986-11-01,QPSPD8204C,"25/15, Sahni Zila, Vellore 995854",120000,Filed
PER00290,Dhriti Kapoor,1972-01-11,AVTFH4348N,"H.No. 352, Oza Road, Sri Ganganagar-138932",45000,Not Filed
PER00291,Ekaraj Varkey,1972-04-07,QWHOW8237H,"H.No. 822, Das, Erode 225248",35000,Filed
PER00292,Dominic Sankaran,1988-10-13,BSBZG1203U,"980, Narasimhan Circle, Pudukkottai 389323",35000,Filed
PER00293,Pavani Apte,1977-04-10,RMZNY3557Y,"58/58, Shah Ganj, Saharanpur-035090",50000,Filed
PER00294,Ayaan Mitra,2006-09-12,GRNUD7602Q,"H.No. 84, Mukhopadhyay Ganj, Raurkela Industrial Township 841348",45000,Filed
PER00295,Ridhi Mittal,1977-07-24,AXZPZ6967F,"58/90, Savant Road, Bhavnagar 549406",65000,Not Filed
PER00296,Shaurya Bahri,1960-08-09,LLZUO5272R,"86/68, Arora Ganj, Alappuzha 289796",45000,Filed
PER00297,Nandini Balay,1958-10-31,NHHPS3892H,"28/92, Bassi Path, Vijayanagaram-200687",50000,Not Filed
PER00298,Jhalak Dave,1964-06-03,NURMP9008Q,"H.No. 94, Deshpande Zila, Singrauli 212551",35000,Filed
PER00299,Zilmil Ravi,1976-09-15,NKGPC7025L,"93, Narayanan Circle, Orai 871404",65000,Filed
PER00300,Onkar Sami,1958-07-28,PSCGT9367S,"24, Sood Nagar, Muzaffarpur-519724",45000,Filed
PER00301,William Khare,1970-01-15,ZHEQQ1089D,"82/44, Madan Ganj, Kumbakonam-296685",35000,Pending
PER00302,Aahana Vohra,1993-11-29,OXMCY1541X,"H.No. 84, Sachdev Marg, Jalna 341784",65000,Filed
PER00303,Yashoda Bhargava,1976-03-21,MQDFB9042V,"249, Apte Ganj, Vadodara-063633",0,Not Filed
PER00304,Bhanumati Narasimhan,1961-04-01,IUZYZ2651Q,"39/68, Prabhakar Chowk, Machilipatnam-329668",80000,Filed
PER00305,Zansi Gour,1957-08-22,GIOUF7391B,"H.No. 50, Singhal Nagar, Dehradun-281932",50000,Not Filed
PER00306,Rayaan Bahl,1957-03-01,CWHHG6024T,"H.No. 873, Balay Street, Thanjavur 605542",35000,Not Filed
PER00307,Aarini Gaba,1998-03-12,HKRLI9252B,"H.No. 54, Kannan Street, Kurnool-794848",200000,Filed
PER00308,Tanmayi Purohit,1970-09-23,UVIHH8669U,"00/627, Uppal Path, Coimbatore-154266",65000,Pending
PER00309,Zaitra Bumb,1978-05-08,GSDKS1721P,"367, Sama Road, Jalna-005713",65000,Pending
PER00310,Krishna Goyal,1990-02-12,ZOBRK3018Y,"18/74, Sahni, Silchar-786363",45000,Pending
PER00311,Idika Loke,1957-12-15,GYSYV9271K,"852, Sabharwal Ganj, Tadepalligudem-564079",120000,Filed
PER00312,Manthan Om,1973-03-25,JKNYB8138P,"21/259, Mann Path, Madanapalle-226270",65000,Filed
PER00313,Raagini Dhawan,2002-02-05,RYYNL9831L,"856, Kibe Ganj, Chittoor-660210",35000,Filed
PER00314,Hemangini Basak,1993-01-10,NKUJL8279P,"74/381, Bali Path, Bikaner-996688",65000,Filed
PER00315,Triya Dada,1967-05-27,EREGE4580P,"41, Prabhu, Panipat 798637",80000,Filed
PER00316,Samesh Guha,2006-05-25,VPMHP7216V,"69/582, Bhandari Ganj, Allahabad 476524",65000,Pending
PER00317,Siddharth Wagle,2001-11-18,OUKJP2526J,"H.No. 770, Dani Marg, Vasai-Virar 386574",120000,Filed
PER00318,Lekha Mutti,1967-11-24,GBQZR8147B,"H.No. 692, Thakur Path, Kadapa 865445",35000,Filed
PER00319,Aayush Nath,1993-06-28,IJUNT1241G,"H.No. 754, Deol Road, Bhiwandi 698243",45000,Not Filed
PER00320,Anya Modi,1978-12-04,FKAXZ2171G,"80/21, Datta Nagar, Mahbubnagar-353714",50000,Pending
PER00321,Wriddhish Narasimhan,1987-02-19,KLZGM8125I,"77, Buch Chowk, Bharatpur 123918",50000,Filed
PER00322,Osha More,1981-11-01,RJXLU8048A,"34/768, Madan Street, Mysore-510970",45000,Filed
PER00323,Yuvraj Zachariah,1978-09-25,DBCJR5356I,"611, Bhasin Chowk, Bally 925353",35000,Filed
PER00324,Triveni Biswas,1978-11-06,TABRA2028N,"97, Thaman Circle, Jamalpur 938248",0,Filed
PER00325,Harish Kadakia,1976-10-12,QBIPP0524N,"58, Sandhu Marg, Kota 408043",50000,Filed
PER00326,Tanveer Lanka,1982-04-22,XTKDT5009L,"H.No. 58, Sankar Street, Davanagere-732329",120000,Not Filed
PER00327,Tanvi Salvi,1975-06-04,OAPYK1841D,"95/84, Kohli Marg, Ramagundam 088747",35000,Filed
PER00328,Tristan Mital,1986-04-28,ZHIKD5371T,"73, Shere Circle, Munger 553325",35000,Filed
PER00329,Praneel Gokhale,1967-04-15,UPLIP1190P,"99/44, Sharma Zila, Bijapur-763575",65000,Pending
PER00330,Luke Mukhopadhyay,1956-04-04,QSYZD9897Z,"93/531, Nagy, Thiruvananthapuram 322298",35000,Not Filed
PER00331,Lekha Shroff,2006-01-26,PVGYV0328M,"23, Sampath Chowk, Latur-138760",35000,Filed
PER00332,Lila Bassi,1958-07-02,NGUJV9575S,"20/37, Bhattacharyya Marg, Davanagere-295862",45000,Not Filed
PER00333,Divya Sheth,1997-05-20,VFCLA4389P,"91/762, Sarin Ganj, Burhanpur-322528",50000,Filed
PER00334,Sai Dugar,1960-07-04,NQLEC5907W,"00/61, Sule Chowk, Surendranagar Dudhrej 739716",0,Filed
PER00335,Aadi Ahuja,1965-11-13,DNGBJ2551N,"728, Som Zila, Allahabad 277153",200000,Filed
PER00336,Ayush Keer,1983-01-09,UYKJQ9724H,"47, Hayre Zila, Mirzapur-432409",45000,Not Filed
PER00337,Arin Purohit,1967-11-14,BSWVT6498O,"60, Bassi Path, Unnao 985076",45000,Filed
PER00338,Warhi Mukherjee,1973-06-28,XEHUC9612G,"H.No. 28, Kalla Path, Tiruppur-173036",65000,Filed
PER00339,Avni Wason,1987-05-26,WEDDN2505G,"927, Mohan, Munger 066083",65000,Not Filed
PER00340,Daniel Sengupta,1979-01-28,HIWHP0870W,"H.No. 07, Mitra Circle, Mumbai-328762",45000,Filed
PER00341,Lipika Sangha,1985-04-04,BIFDN6206X,"24/16, Raju Path, Anantapuram 076676",45000,Filed
PER00342,Vamakshi Tata,1965-03-20,EIWOP7276J,"057, Manda Street, Tezpur-885820",80000,Filed
PER00343,Ishani Banik,1987-07-19,GAYVV3130O,"69/12, Vasa Circle, Rourkela 586213",50000,Filed
PER00344,Vrishti Verma,2003-07-24,USDFX6648S,"520, Dyal Street, Saharanpur-401314",65000,Filed
PER00345,Udarsh Rai,1993-07-28,KVHKH0008Q,"162, Balay Road, Tiruvottiyur-426780",65000,Filed
PER00346,Kashvi Hayre,1982-02-09,KLAFE0328Z,"54/53, Pai Ganj, Nashik 214407",45000,Filed
PER00347,Manbir Lad,1985-04-24,HZGJW8486C,"92/629, Batta Path, Udaipur 448690",65000,Filed
PER00348,Umang Swaminathan,1972-11-20,CPWDQ6691C,"31, Chakrabarti, Akola 599512",50000,Filed
PER00349,Rehaan Mitra,1996-10-20,YRYCF4285I,"669, Mahajan Path, Guntur 883035",0,Not Filed
PER00350,Gagan Bains,1984-09-13,OJWHA2084N,"642, Ratti Nagar, Bhatpara-644694",50000,Pending
PER00351,Neel Mallick,1964-02-05,KEIVP3984X,"H.No. 88, Bhakta Nagar, Lucknow-080600",200000,Filed
PER00352,Gaurangi Morar,1994-03-24,TRJXP9369C,"28/331, Viswanathan Street, Hosur 122667",0,Not Filed
PER00353,Chatresh Kurian,1974-04-07,VBSSK8946K,"831, Raju Circle, Siliguri-919167",35000,Not Filed
PER00354,Rishi Sur,1961-05-07,UEOWG8846D,"24/32, Dayal Ganj, Danapur-699874",50000,Filed
PER00355,Jeremiah Balay,1977-11-01,QUKAL7683E,"30, Mohan Marg, Panipat 736017",45000,Filed
PER00356,Elijah Bahl,1978-04-25,QMOIJ6443F,"H.No. 00, Dhillon Chowk, Bijapur 248208",45000,Pending
PER00357,Arunima Bajwa,1971-07-20,DEJCT5122V,"H.No. 067, Patel Zila, Phusro 891934",45000,Filed
PER00358,Upma Gara,1982-04-01,YAIBH9956H,"H.No. 847, Jaggi Circle, Nandyal 909658",45000,Not Filed
PER00359,Saumya Dora,2003-06-01,VHWVL0807Z,"86, Sundaram Nagar, Malegaon-673426",35000,Filed
PER00360,Qabil Issac,1998-02-25,MWEHB8491I,"36/62, Taneja Zila, Jaunpur 779070",50000,Pending
PER00361,Darpan Sharaf,1984-09-11,MSCDI1096F,"H.No. 897, Taneja Chowk, Bangalore 449978",120000,Filed
PER00362,Hema Kannan,1983-01-29,DOJPW2551E,"H.No. 416, Kala Path, Hubli–Dharwad-913345",35000,Filed
PER00363,Odika Yohannan,1975-01-24,FTOLO8765L,"25/78, Vohra Circle, Akola 324715",50000,Filed
PER00364,Harinakshi Dutt,2003-08-08,YQJRF4123Z,"19, Agarwal Ganj, Amaravati 665508",120000,Filed
PER00365,Brijesh Lata,1965-10-19,HWTUH8619T,"74, Yohannan, Faridabad-571028",65000,Not Filed
PER00366,Avi Goyal,2005-05-16,TTFTP4699Q,"76/24, Konda Chowk, Chinsurah 550886",65000,Filed
PER00367,Kashish Koshy,1958-05-07,CCXAP7991K,"86/09, Sinha Nagar, Baranagar-842469",50000,Filed
PER00368,Ekbal Dara,1977-01-21,DQMGO4687N,"H.No. 518, Saha Ganj, Muzaffarpur 816983",65000,Filed
PER00369,Balhaar Raja,2006-09-06,LHVVK3478S,"H.No. 153, Ratta Marg, Dibrugarh 973787",45000,Filed
PER00370,Samuel Sarma,1993-05-23,IGKXY1536I,"77/80, Kota Circle, Bikaner-705062",35000,Filed
PER00371,Omkaar Aurora,1967-12-12,LJUWR9311D,"H.No. 36, Chauhan Street, Anantapuram 784139",200000,Filed
PER00372,Patrick Kade,2005-06-10,OLHSZ9013E,"36/64, Kaul Path, Imphal-185287",65000,Filed
PER00373,Reyansh Raju,1992-12-31,LIUKE3130O,"276, Gade Marg, Bhavnagar 636303",35000,Filed
PER00374,Advik Agrawal,1967-03-26,YJJMO5441Q,"44, Tripathi Ganj, Anantapuram 246063",35000,Filed
PER00375,Brinda Mangal,1995-04-11,UGGIN7342R,"553, Gokhale Nagar, Baranagar-459884",200000,Not Filed
PER00376,Aayush Murty,1995-03-10,BYPLZ1893E,"61/27, Bala Chowk, Tiruchirappalli 598054",0,Filed
PER00377,Deepa Mani,2007-04-04,XFOWS2796C,"H.No. 183, Bandi, Thrissur 405258",80000,Filed
PER00378,Wyatt Kothari,1973-01-25,DFTPH5610S,"H.No. 389, Kamdar Ganj, Tadepalligudem-972094",120000,Filed
PER00379,Dayita Shanker,1979-06-08,IAWVF8392J,"71/606, Nori Circle, Mango 252010",200000,Filed
PER00380,Yauvani Sur,1999-08-29,ZZXUC5567T,"245, Boase Nagar, Raurkela Industrial Township-833821",45000,Filed
PER00381,Matthew Naik,1979-05-03,LVIKO9266Y,"H.No. 853, Gade Marg, Thrissur 869167",50000,Filed
PER00382,Abeer Warrior,2000-08-14,UBWRT2594I,"H.No. 540, Ahluwalia Zila, Shahjahanpur-342551",45000,Filed
PER00383,Saanvi Mall,2004-08-23,CLLZA6784S,"73/44, Deo Zila, Udupi 365405",50000,Filed
PER00384,Vincent Sanghvi,1966-09-23,FETEY9958T,"14, Bora Marg, Raipur 215217",35000,Filed
PER00385,Faris Dass,1989-05-18,DTYSG9345Q,"91/22, Suri Path, Rewa-244922",120000,Filed
PER00386,Chaman Mody,1997-08-10,RBTNV7113U,"H.No. 512, Ray Ganj, Burhanpur 424828",45000,Filed
PER00387,Ekalinga Sarraf,1978-06-19,PEQER8312L,"23/19, Singhal Road, Jammu 700559",50000,Filed
PER00388,Jason Keer,2001-04-23,WEEIG6819Y,"H.No. 83, Sunder Ganj, Hosur-999356",120000,Filed
PER00389,Siddharth Baria,1984-10-07,NQAWV8741O,"H.No. 412, Singhal Road, Madanapalle 794142",45000,Filed
PER00390,Kamala Shenoy,1994-06-18,OBSVN2981Z,"56, Chaudhuri Path, Phagwara 085560",65000,Filed
PER00391,Yauvani Sood,2003-10-29,VLSAE8564Q,"78/822, Puri Nagar, Amravati-385173",65000,Filed
PER00392,Chatresh Char,1999-09-29,WHQWK5278Q,"H.No. 955, Butala Path, Ambala 757666",50000,Filed
PER00393,Maanas Mammen,1973-12-03,OFQLN4422R,"688, Kunda Road, Aurangabad 654423",35000,Not Filed
PER00394,Girish Subramaniam,1961-02-16,IFUQX1550L,"H.No. 45, Gupta Road, Shahjahanpur-643289",45000,Filed
PER00395,Warjas Agarwal,2004-11-16,RBSET5037W,"45/457, Pathak Street, Kulti 971655",50000,Not Filed
PER00396,Falan Krishna,2002-12-14,RAXFZ4218Y,"H.No. 016, Tandon Circle, Thrissur 627794",80000,Filed
PER00397,Lekha Chawla,1968-12-07,ZWHXK9986W,"38/65, Talwar Marg, Machilipatnam-462258",200000,Pending
PER00398,Pavani Bava,1967-06-29,BECEJ5665E,"H.No. 13, Bhakta Circle, Sambhal-662186",35000,Not Filed
PER00399,Onkar Mand,1993-10-09,UBGKY8734Z,"83/389, Dara Road, Haridwar 380061",65000,Filed
PER00400,Lakshit Narang,1966-04-05,FOZAZ5607M,"154, Bhatnagar Chowk, Ongole 086248",50000,Pending
PER00401,Yuvraj Palla,1993-03-01,YIOBP7360L,"71, Soni Street, Dehradun-786264",35000,Pending
PER00402,Tanay Sanghvi,1956-09-14,KKCXT8995N,"83/85, Kohli Nagar, Bulandshahr 228568",200000,Filed
PER00403,Fariq Patil,1997-06-25,ZIQIW4623F,"12/85, Wagle, Gaya-914079",120000,Not Filed
PER00404,Ethan Desai,2003-07-29,LEPJT2698N,"44/652, Ravel Circle, Rajkot-460947",120000,Not Filed
PER00405,Advika Nair,1975-07-03,CZMUJ6111Z,"93, Kibe Road, Katihar 116568",65000,Filed
PER00406,Ekanta Tata,1980-12-27,QZVMO7076G,"80, Ravel Circle, Gulbarga 206714",50000,Filed
PER00407,Vaishnavi Singh,2007-01-22,TFAKX3228Q,"65, Sundaram Ganj, Silchar-606783",80000,Pending
PER00408,Brijesh Parikh,2006-06-01,RCSHS0744S,"127, Nagarajan Road, Dehri-370019",35000,Filed
PER00409,Umang Warrior,1965-05-10,NYLKO2435V,"756, Dhillon Chowk, Kulti-366660",50000,Filed
PER00410,Anjali Nadig,1976-02-12,LDCTA0101L,"H.No. 31, Bose Marg, Moradabad 441935",35000,Filed
PER00411,Chakradev Jaggi,1963-12-29,ZTXHM7580H,"711, Balay Chowk, Ambarnath 483212",50000,Filed
PER00412,Harrison Dey,1972-01-25,DJOMM9365Z,"H.No. 532, Patla Circle, Kalyan-Dombivli-798366",50000,Filed
PER00413,Triveni Tara,2002-06-22,KBBDP4798P,"93, Om Street, Katni 610158",200000,Filed
PER00414,Anay Ramachandran,1976-01-15,LSTSK8617F,"767, Karnik Path, Bhagalpur 336361",65000,Pending
PER00415,Hritik Parekh,2003-09-25,HWVYS8562O,"95/84, Wadhwa Chowk, Bikaner 417064",35000,Pending
PER00416,Balveer Modi,1980-07-28,COMHX8557R,"522, Sachdeva, Barasat-147857",50000,Filed
PER00417,Theodore Bera,1976-05-31,BRXDH4773M,"78, Gole, Erode 246463",65000,Filed
PER00418,Yatin Bala,1979-06-04,LTHMF5996S,"H.No. 392, Johal Marg, Anand 415205",200000,Pending
PER00419,Lakshmi Kalita,1969-10-05,QYIGC4558W,"418, Dalal Zila, Tenali-798541",45000,Not Filed
PER00420,Arunima Samra,1994-08-23,HBZLX8695Y,"H.No. 579, Sodhi Marg, Amravati-485174",120000,Not Filed
PER00421,Kabir Saran,1978-02-13,DJERC1915A,"23/63, Biswas Marg, Kurnool 443848",80000,Filed
PER00422,Girindra Ghosh,1987-01-30,PFIPM2212D,"24, Narayanan Marg, Baranagar 023019",80000,Filed
PER00423,Ishita Baral,1993-09-20,IOLMM7282B,"97/392, Peri Road, Sambhal 737335",50000,Filed
PER00424,Kavya Ramakrishnan,1959-11-03,ZTAWB2270R,"H.No. 928, Savant Marg, Mau 386195",120000,Filed
PER00425,Maya Mitra,1984-02-20,SOXCZ0759A,"92, Saha Ganj, Ghaziabad-468920",50000,Filed
PER00426,Krisha Iyengar,1957-01-09,IETXH2169J,"189, Din, Bhiwandi-944182",80000,Filed
PER00427,Praneel Nigam,1994-12-03,WTEAI3364M,"546, Dugal Road, Suryapet 965539",80000,Pending
PER00428,Dalbir Zachariah,1994-10-05,AAGIA6785M,"88/521, Shukla Street, Agra 342871",200000,Filed
PER00429,Ethan Gaba,1971-04-12,OPJGE2031X,"09/142, Wason Circle, Jammu 134860",50000,Filed
PER00430,Abha Singh,2000-01-20,PUDFP7760E,"51/89, Batra Street, Dhule 681674",65000,Not Filed
PER00431,Kamala Dewan,2006-11-21,JXHXQ5062N,"56/830, Pathak Road, Firozabad-903957",200000,Filed
PER00432,Matthew Sarkar,1999-11-30,QOZEO8844K,"40, Shroff, Ulhasnagar 660596",45000,Not Filed
PER00433,Caleb Nazareth,1969-07-29,RYUDQ6328J,"01/93, Saxena Ganj, Miryalaguda-483503",50000,Pending
PER00434,Lakshit Pal,1973-05-04,ATBOI3668P,"38/72, Balan Ganj, Firozabad-051227",50000,Filed
PER00435,Warjas Kale,1962-02-11,LLHXU7443I,"589, Din Path, Nashik 155226",50000,Filed
PER00436,Azad Goda,1979-04-23,GGXCI9364K,"710, Bail Path, Mau 794918",45000,Filed
PER00437,Qushi Bose,1998-10-30,FTQZQ7809B,"31/205, Padmanabhan Marg, Munger 935104",50000,Not Filed
PER00438,Shivansh Dubey,1995-05-06,DVRCZ5821N,"615, Nazareth Zila, Saharsa-905939",65000,Filed
PER00439,Yatin Dubey,1970-10-08,OQHGF7172T,"801, Goswami Ganj, Gopalpur 325912",45000,Filed
PER00440,Isaac Gara,1984-08-10,TJBTZ5050V,"H.No. 99, Taneja Circle, Lucknow-184381",45000,Filed
PER00441,Yadavi Balasubramanian,1962-05-06,ITFZP1425O,"24, Sawhney Path, Anand-768746",35000,Pending
PER00442,Qushi Varkey,1989-03-30,VZDGR4952J,"H.No. 152, Iyer, Gudivada 504164",50000,Filed
PER00443,Raksha Magar,1989-10-03,EEIIZ6156B,"416, Chaudhuri Chowk, Phusro 687329",65000,Pending
PER00444,Warjas Gandhi,1979-03-26,PTMHM1733E,"08/858, Dugal Circle, Guntakal-057846",45000,Not Filed
PER00445,Priya Borra,1963-03-24,JBXZK1952Z,"H.No. 02, Wadhwa Chowk, Secunderabad-389294",65000,Filed
PER00446,Kamala Kurian,1971-05-23,WPJCB4030E,"H.No. 23, Viswanathan Circle, Chittoor-921724",65000,Filed
PER00447,Ikshita Sehgal,1973-04-02,BVRDZ3220M,"567, Chaudhry Chowk, Gopalpur 526907",35000,Filed
PER00448,Bina Nagy,1982-09-15,JUBYJ3221T,"12/344, Patil Ganj, Jaunpur-465687",200000,Pending
PER00449,Advika Chokshi,1988-07-14,AMOVV3393R,"062, Saraf Ganj, Jalna-352405",45000,Filed
PER00450,Logan Keer,1957-12-03,QXHZC7402O,"05, Ravi Zila, Rampur 393172",45000,Not Filed
PER00451,Samesh Nanda,1990-04-02,IRVRX8441F,"H.No. 57, Nazareth Circle, Bellary 641201",45000,Not Filed
PER00452,Kalpit Pathak,1959-09-08,OHJSW8053N,"40/580, Bobal Circle, Shivpuri-972773",35000,Filed
PER00453,Panini Badami,1963-07-14,IJELM9655O,"H.No. 892, Sarkar Nagar, Ramgarh 933458",80000,Filed
PER00454,Ranbir Pillay,1963-09-23,ORFTH4252S,"76, Mitter Chowk, Mathura-275644",35000,Not Filed
PER00455,Veer Magar,1982-03-04,QWAYB6929O,"83/962, Sethi Circle, Suryapet 692711",45000,Not Filed
PER00456,Champak Nair,1999-02-25,OELHQ4606W,"78/31, Mahajan, Gandhidham 308577",45000,Not Filed
PER00457,Naksh Som,2005-05-31,CUDFY4121S,"H.No. 93, Gade Circle, Katni 037724",50000,Filed
PER00458,Dalaja Solanki,1963-07-12,TNLRL9074G,"019, Rastogi Chowk, Baranagar-479364",45000,Filed
PER00459,Laban Varghese,2001-02-27,GKWTG7090C,"024, Prabhakar Path, Medininagar-700770",45000,Not Filed
PER00460,Arjun Ramachandran,1966-06-27,NYGYK7343B,"H.No. 79, Ramanathan Path, Gaya 499503",45000,Filed
PER00461,Harish Ghosh,1995-04-27,AOYKO4165A,"H.No. 22, Upadhyay Street, Karaikudi 283393",45000,Filed
PER00462,Omkaar Sawhney,1987-10-21,NFEXN5235Z,"H.No. 422, Ganguly Nagar, Ramgarh 477871",35000,Not Filed
PER00463,Omkaar Lalla,2000-12-03,ZABNJ4078X,"H.No. 971, Gera, Bilaspur 011255",65000,Filed
PER00464,Keya Pal,1973-08-20,QEGSF3223S,"11, Ganesh Zila, Ichalkaranji 053340",35000,Not Filed
PER00465,Ganga Sheth,2004-05-08,ANXLT3689U,"55/170, Barad Marg, Jaunpur 791328",50000,Filed
PER00466,Oviya Rana,1961-02-18,XYQNX7618I,"H.No. 243, Parsa Ganj, Amritsar 633223",45000,Filed
PER00467,Abha Joshi,1985-01-02,UZKTM5159L,"94, Thaman Chowk, Saharsa 759889",50000,Not Filed
PER00468,Neelima Murty,1957-09-03,RREFR5607R,"929, Barad Nagar, Vadodara 732151",200000,Not Filed
PER00469,Wazir Nagarajan,1986-01-13,PPXFQ6588T,"86, Mody Zila, Munger-541520",35000,Not Filed
PER00470,Dominic Oza,1978-06-24,DMBRX1797J,"044, Ghosh Marg, Deoghar-915723",35000,Filed
PER00471,Tamanna Raman,1966-05-21,FPNNC5030T,"42/95, Aurora Chowk, Sikar-180685",35000,Pending
PER00472,Neel Bose,2002-08-14,RKVYO6889D,"01/90, Chaudhry Circle, Bidar 956493",120000,Filed
PER00473,Hamsini Dani,2000-12-07,SAJRB1227R,"11, Chaudhuri Path, Bareilly-043993",50000,Not Filed
PER00474,Gautam Sule,1983-07-22,XIBCG1025C,"H.No. 93, Sharma Marg, Moradabad 763447",50000,Not Filed
PER00475,Abhimanyu Taneja,1966-01-09,KZODE2110K,"55, Deshmukh Circle, Kharagpur-002729",0,Filed
PER00476,Sudiksha Behl,1969-06-17,HIXSN2211J,"H.No. 40, Merchant Chowk, Mysore 309752",45000,Not Filed
PER00477,Kamala Datta,1963-01-14,GSGJN1339W,"H.No. 055, Das Chowk, Hubli–Dharwad 680084",35000,Not Filed
PER00478,Madhav Chacko,1963-12-31,QMQWY6464S,"956, Sunder Chowk, Tenali-919386",65000,Filed
PER00479,Banjeet Subramaniam,2002-01-25,PTUUV0443Z,"48, Savant Zila, Jalna-964643",35000,Filed
PER00480,Zansi Rajagopal,1992-10-14,NLYNF5782D,"H.No. 65, Luthra Street, Hyderabad 060479",120000,Filed
PER00481,Darsh Dixit,1967-05-10,RJYQN8846U,"32/05, Sule Marg, Satna-800955",50000,Filed
PER00482,Lopa Bassi,1962-05-06,WWLFO3397B,"95/91, Sanghvi, Fatehpur-013103",0,Filed
PER00483,Kalpit Chandran,1959-12-08,BPTTN2202Y,"98/95, Rajan Road, Karnal 142449",35000,Filed
PER00484,Parth Purohit,1979-09-25,AMPPK3323Y,"H.No. 995, Kulkarni Ganj, Hospet 013904",35000,Filed
PER00485,Jonathan Aggarwal,1960-02-16,PBURA3888S,"H.No. 70, Kaur, Kumbakonam 511728",45000,Filed
PER00486,Yashodhara Rama,1991-01-16,XSIHM3547A,"41/63, Kar Chowk, Guntur 571747",80000,Filed
PER00487,Unni Patla,1965-08-10,QJQPK8072Z,"H.No. 69, Panchal Chowk, Nagpur 698522",65000,Filed
PER00488,Nicholas Samra,2006-06-25,FVGCY5267Y,"H.No. 28, Subramanian Marg, Howrah 423778",65000,Filed
PER00489,Hritik Sane,1980-08-28,BFAHY9648G,"864, Jayaraman Marg, Gandhinagar-423783",50000,Not Filed
PER00490,Utkarsh Pillai,1957-03-02,SJDML3985M,"44/964, Brahmbhatt, Khora -645366",50000,Filed
PER00491,Joshua Deol,1991-01-21,UZUNR4270Q,"H.No. 474, Sangha Path, Darbhanga 079400",45000,Filed
PER00492,Keya Sarraf,1980-05-19,JTHLG4422A,"H.No. 37, Sanghvi, Bhilai-025687",200000,Filed
PER00493,Rachita Mutti,1998-10-10,KBOMY2514K,"88, Ben Road, Gandhinagar 570324",45000,Filed
PER00494,Pranav Warrior,1979-08-03,RLJXP0318X,"224, Mannan Chowk, Rohtak-546133",45000,Filed
PER00495,Advik Raju,1994-10-31,LGQSB1175T,"H.No. 25, Arora Marg, Erode 061086",45000,Filed
PER00496,Girindra Chokshi,1977-09-28,JOBMT0545U,"15, Nair Marg, Bilaspur-794251",50000,Filed
PER00497,Yochana Tandon,1982-03-06,JEQPZ6369H,"20/799, Babu Circle, Pali 332083",65000,Pending
PER00498,Faraj Dasgupta,1974-06-06,CWSCT6686O,"H.No. 80, Sandhu Chowk, Firozabad 015170",65000,Filed
PER00499,Samar Dora,1988-01-25,VXRXY3230R,"H.No. 728, Chawla Zila, Davanagere-259551",45000,Filed
PER00500,Chakrika Rama,1963-02-18,FMTHK0465D,"133, Sane Zila, Guntakal 198596",50000,Filed
PER00501,Isaiah Baria,1970-08-07,LSXSZ0127Q,"981, Aggarwal, Proddatur 954189",80000,Filed
PER00502,Waida Ramesh,1991-12-04,RJZJM0268D,"31, Shenoy Path, Haldia-834768",80000,Filed
PER00503,Ekantika Baral,1979-09-07,NAXOJ0965N,"H.No. 251, Bhatia Marg, Kota-525390",35000,Pending
PER00504,Samarth Peri,1973-06-02,PSEOQ9701H,"46/11, Taneja Street, Narasaraopet 835785",45000,Filed
PER00505,Wriddhish Dash,1964-01-10,IJJAI8763I,"66/208, Virk Street, Anantapur-738381",200000,Filed
PER00506,Gopal Khare,2005-09-18,SOYQR3802W,"38/47, Buch Road, Mahbubnagar 059207",45000,Not Filed
PER00507,Brinda Nayar,1973-07-06,XCLCI6964M,"231, Pal Ganj, Sagar-163414",45000,Not Filed
PER00508,Banjeet Vora,1968-03-05,FRDPY5688R,"H.No. 93, Vaidya Nagar, Ludhiana-755134",45000,Filed
PER00509,Om Seth,1983-10-01,IRZJS6907C,"89, Sahni Circle, Silchar-691376",45000,Not Filed
PER00510,Avi Kuruvilla,1963-09-19,MMTVR8601U,"H.No. 025, Sarin Nagar, Moradabad-264296",50000,Not Filed
PER00511,Sudiksha Dara,1955-09-01,OMPSA3897C,"H.No. 796, Sahota, Srikakulam-953785",65000,Pending
PER00512,Darika Om,1991-03-19,HBDNE5497D,"H.No. 163, Srinivasan Street, Varanasi-209618",65000,Filed
PER00513,Madhav Ramesh,1994-09-05,LMGAL7101J,"41/23, Viswanathan, Loni-899340",65000,Filed
PER00514,Gunbir Dhar,1984-05-17,WUXRW5263Q,"H.No. 67, Barad, Gulbarga-785785",35000,Not Filed
PER00515,Nimrat Mane,1961-09-19,CIJMQ8428N,"108, Wali Marg, Ongole-722914",45000,Filed
PER00516,Charan Tiwari,1978-05-21,NEYQL9232O,"H.No. 735, Sridhar, Bareilly-461608",50000,Pending
PER00517,Leena Sha,1971-12-21,HOROF6308E,"H.No. 91, Bobal Nagar, Agra 871750",45000,Filed
PER00518,Onveer Agrawal,1956-11-14,TJLUY5312A,"36, Rastogi Street, Udaipur-509423",0,Not Filed
PER00519,Bhavya Bains,1993-08-28,UOIKO4506W,"H.No. 34, Rama Nagar, Raebareli-422344",50000,Filed
PER00520,Harish Nagarajan,1958-12-31,KAKGF3392O,"427, Dewan Ganj, Bilaspur-259638",50000,Filed
PER00521,Jeet Talwar,1966-02-19,HYHTI1720L,"H.No. 66, Bhatti Ganj, Bidar-571790",65000,Pending
PER00522,Oeshi Din,1998-04-23,PNQAB9332T,"342, Setty Street, Bally-649584",45000,Pending
PER00523,Ira Chauhan,1974-12-11,JCVRF0740U,"389, Nadig Street, Raebareli 360756",45000,Not Filed
PER00524,Vinaya Puri,1973-02-19,YPPZH6296I,"86, Sarraf Ganj, Navi Mumbai-769617",80000,Filed
PER00525,Yahvi Gill,1955-11-22,BPAIO9974F,"76/48, Mandal Circle, Munger-548185",65000,Filed
PER00526,Fiyaz Balan,1967-04-04,EXUSP8614G,"43/233, Chand Road, Pune-261933",35000,Filed
PER00527,Triya Krish,1990-03-23,TRJZQ1463G,"59/25, Kumar Chowk, Madhyamgram 580522",50000,Not Filed
PER00528,Guneet Barad,1999-07-14,PXIOF5590S,"295, Ganesh Path, Karimnagar-749611",45000,Pending
PER00529,Odika Buch,1960-04-12,KYNCL2285E,"66, Karnik Street, Nellore 081387",35000,Not Filed
PER00530,Charita Rao,1994-11-04,SXEFT2678F,"01/85, Mohan Path, Panchkula-754555",35000,Filed
PER00531,Bhavya Shanker,1990-01-02,CPCIV1535Q,"H.No. 68, Krishnan Street, Singrauli 875081",65000,Filed
PER00532,Tristan Ramachandran,1973-04-18,FGPWS1715Y,"756, Vora Zila, Agartala-638812",80000,Not Filed
PER00533,Devansh Pandya,2003-01-09,VOBXG8749N,"H.No. 502, Sibal Ganj, Coimbatore 090928",50000,Filed
PER00534,Ijaya Prabhu,1957-12-17,AINFU7264E,"988, Pau Ganj, Vijayawada 425817",35000,Pending
PER00535,Vasatika Sinha,1986-11-24,CHRRF2715K,"67/549, Apte Circle, Medininagar-522738",45000,Filed
PER00536,Balvan Grover,1986-11-29,ZHAZT9325W,"56/10, Pandit Path, Jehanabad-552959",50000,Pending
PER00537,Yashawini Sule,1965-06-23,WVEGA9979R,"24, Rajagopal Zila, Arrah 075658",35000,Filed
PER00538,Forum Suri,1982-08-16,DBYBL5335H,"84/757, Dasgupta Path, Bidar 328260",35000,Not Filed
PER00539,Warinder Bora,1978-03-30,XUHHB5093D,"38/63, Kota Road, Surendranagar Dudhrej-190895",45000,Filed
PER00540,Osha Puri,1986-01-28,MOWAI4806U,"805, Wagle Path, Thiruvananthapuram-345778",80000,Filed
PER00541,Dayamai Sarkar,1982-04-26,OLPHL8490F,"36/675, Nagar Marg, Katihar-016429",35000,Filed
PER00542,Reyansh Bhatia,1958-03-30,SCYXA8229B,"37/700, Date Ganj, New Delhi-375720",50000,Filed
PER00543,Arunima Bhattacharyya,1966-07-11,GZOKS5806Y,"776, Halder Marg, Surat 692976",0,Filed
PER00544,Dhruv Vaidya,1973-01-18,EOYAS8004W,"28, Ghosh Path, Muzaffarnagar 359432",35000,Filed
PER00545,Barkha Saha,1998-08-27,TABBX0217O,"03/27, Manda Nagar, Tirupati-420740",80000,Filed
PER00546,Waida Prashad,1967-10-24,DINWZ2397B,"30/53, Pant Chowk, Kolhapur 395798",65000,Filed
PER00547,Baghyawati Yohannan,1995-06-04,RTVEL1795H,"84/274, Chaudry Marg, Kavali 642060",45000,Filed
PER00548,Niharika Soni,1983-01-21,YHUKQ2509X,"H.No. 54, Singh Chowk, Ambattur 866127",35000,Filed
PER00549,Ronith Bahri,1997-05-05,RLHCU6339R,"32/157, Majumdar, Pali-561001",80000,Filed
PER00550,Ethan Ravi,1987-09-29,CQTCA7403S,"64/05, Contractor Path, Bhalswa Jahangir Pur 153413",200000,Filed
PER00551,Ishwar Pandya,1963-10-18,OEGDM5603W,"240, Mallick Street, Mahbubnagar-197747",80000,Filed
PER00552,Frederick Kumer,1963-02-21,GNNDC3220H,"861, Vora Nagar, Jalandhar-942082",0,Filed
PER00553,Adya Goel,1968-03-06,HINZG1098S,"H.No. 208, Bala Ganj, Tenali-278049",35000,Not Filed
PER00554,Pallavi Barman,1975-12-23,YUXBC4492H,"391, Rattan Road, Darbhanga 618819",35000,Filed
PER00555,Veer Prabhakar,1958-10-06,KGNZG6573Y,"82/191, Nagarajan Circle, Alappuzha-543652",65000,Filed
PER00556,Rachana Pillay,1960-10-10,HPFHJ5290M,"659, Badal Marg, Hubli–Dharwad 204128",80000,Not Filed
PER00557,Frado Pal,1956-11-10,GUVWJ6367I,"229, Soni, Silchar-303401",35000,Pending
PER00558,Faqid Khosla,1990-12-08,YUMUQ4654Z,"H.No. 79, Acharya Street, Gurgaon-670515",120000,Not Filed
PER00559,Fiyaz Golla,1984-01-07,KFBNY0737N,"H.No. 677, Parikh Path, Vellore-657094",65000,Filed
PER00560,Ishani Shah,1992-06-26,SWSWB2018P,"253, Thakkar Chowk, Nanded-731645",65000,Filed
PER00561,Chandani Grewal,1995-08-29,DOJIW0839X,"46, Chaudhari Road, Kharagpur-904056",45000,Not Filed
PER00562,Tejas Jani,1984-04-27,KXSAG6290R,"58, Sathe Road, Ramgarh 203076",0,Not Filed
PER00563,Janya Choudhry,1986-05-29,DCRZG9433K,"50/285, Nazareth Nagar, Chennai-631804",35000,Filed
PER00564,Ethan Agate,1991-12-12,PDYTL1039F,"H.No. 31, Vyas Marg, Mango 364073",35000,Filed
PER00565,Atharv Mittal,1982-04-12,ATQLK6617S,"08, Tak Path, Chandrapur 081070",120000,Not Filed
PER00566,Sathvik Upadhyay,1977-08-29,NZLFS2860Y,"304, Sandhu Chowk, Unnao 496732",80000,Pending
PER00567,Chavvi Solanki,1956-08-14,EQBLT3907X,"28, Brahmbhatt Ganj, Chandrapur 711347",65000,Filed
PER00568,Pahal Sibal,1969-03-02,QWTXH2994Z,"H.No. 96, Mannan Nagar, Udaipur 401307",50000,Not Filed
PER00569,Tara Goyal,1959-05-20,NJJUM7285P,"775, Sandhu Marg, Bareilly 124014",50000,Not Filed
PER00570,Nicholas Gupta,1974-06-28,WQKOR6252D,"66/857, Kari Nagar, Srinagar 451732",45000,Filed
PER00571,Bahadurjit Aggarwal,1993-12-21,RHVRK4611P,"00/00, Sarraf Street, Adoni 298282",35000,Filed
PER00572,Ansh Aggarwal,1960-06-06,DWLOA0936A,"728, Bhatia Path, Jalna-875025",50000,Filed
PER00573,Ojas Yadav,1989-04-28,JIEBX0448O,"H.No. 397, Babu Zila, Panihati 307656",120000,Filed
PER00574,Anjali Datta,1968-04-20,VISBS6726Z,"64/69, Garg Chowk, Madurai 189544",35000,Not Filed
PER00575,Ronith Manne,1969-03-22,EJPBU6778D,"02/53, Sarma Circle, Nanded-568278",80000,Filed
PER00576,Abhimanyu Sani,1967-05-04,VTMZC3610P,"H.No. 318, Bera Nagar, Singrauli 669265",35000,Filed
PER00577,Unnati Sabharwal,1965-07-04,EKURV5292U,"21/06, Kunda Ganj, Ramagundam-498940",65000,Filed
PER00578,Anay Mukhopadhyay,1996-05-26,XKLRC5046J,"85/14, Shenoy Circle, Jabalpur 085585",35000,Filed
PER00579,Darsh Lal,1975-01-06,AOVLK0203J,"16, Tata Chowk, Hazaribagh-334710",80000,Not Filed
PER00580,Anirudh Mani,1967-11-23,HIZZC1731T,"65, Jayaraman Nagar, Aurangabad 821148",35000,Filed
PER00581,Ikshita Grover,1992-05-26,FOVXG3300J,"H.No. 15, Kale Marg, Sambhal-874552",35000,Not Filed
PER00582,Kai Baria,1983-11-12,IGZVP1048G,"H.No. 889, Nath Marg, Bhavnagar 631628",200000,Filed
PER00583,Jeet Butala,1971-05-14,GOXWU9182L,"95, Sekhon, Amaravati 632107",200000,Not Filed
PER00584,Azad Loyal,2001-07-29,NBEAT0137P,"86/83, Zachariah Chowk, Deoghar 323043",65000,Pending
PER00585,Samarth Sidhu,1956-02-11,MBIYM2542D,"H.No. 929, Kapadia Street, Bihar Sharif 571205",35000,Filed
PER00586,Shaurya Varughese,1964-11-04,QQWQX0926N,"03, Char Street, Hosur-859358",50000,Pending
PER00587,Triya Natarajan,1977-05-05,HJKRE9275D,"559, Choudhary Chowk, Gulbarga 993509",65000,Filed
PER00588,Zaitra Bath,1974-04-16,UKWGO0679K,"97, Gour Chowk, Udaipur 873658",35000,Filed
PER00589,Om Dua,1974-07-18,YABVI2140U,"14/108, Dara Nagar, Tinsukia-712169",45000,Filed
PER00590,Dalaja Chhabra,1984-04-27,CFZNM9695L,"H.No. 97, Saxena Chowk, Nashik 596792",120000,Filed
PER00591,Januja Buch,1976-02-14,QJEXB8082F,"H.No. 19, Iyer Zila, Fatehpur 363789",65000,Filed
PER00592,Samesh Sem,1981-10-30,XSGIB0438A,"H.No. 470, Sha Circle, Nagpur 620189",35000,Filed
PER00593,Victor Lad,1989-05-04,TPPKU0041H,"H.No. 08, Baria Road, Salem 356857",35000,Filed
PER00594,Dayamai Golla,1971-01-15,TVYVT3385E,"H.No. 580, Ranganathan Ganj, Panipat-926360",65000,Filed
PER00595,Pushti Handa,1992-09-25,TXOAW7185N,"20, Nagarajan Chowk, Hajipur-691274",45000,Filed
PER00596,Gaurika Pandey,1985-03-19,TTOUO8487O,"79, Kapur Zila, Nizamabad-407708",50000,Filed
PER00597,Abha Mandal,1986-05-13,NVQTA0371K,"293, Gour Zila, Ozhukarai-779974",80000,Filed
PER00598,Advay Sehgal,1965-03-20,RINAK7991G,"97/31, Dash Street, Sasaram-530382",50000,Filed
PER00599,Omaja Barad,1974-10-17,RGEAR7234Y,"45/096, Walla Road, Srinagar 298898",65000,Pending
PER00600,Hitesh Kumar,1983-11-17,YEFVJ7457F,"18/905, Behl Nagar, Panvel 604780",45000,Filed
PER00601,Aarush Mani,1984-04-11,GHKSU8512V,"87/71, Kota Marg, Bokaro-650665",65000,Filed
PER00602,Sara Chandra,2003-10-07,KPSHT3356D,"42, Bhandari Chowk, Ramgarh 927767",50000,Not Filed
PER00603,Ryan Virk,1962-12-05,TGDYD5930Z,"767, Sachdev Ganj, Berhampur 127414",120000,Filed
PER00604,Rushil Bajwa,1979-11-25,DYKJE1257O,"H.No. 658, Dhillon Path, Morena-764372",50000,Filed
PER00605,Xalak Ravi,1958-01-04,FGVPY6232H,"42, Behl Street, Katni 676296",50000,Filed
PER00606,Lekha Ravi,1957-01-25,QSDAU6918P,"H.No. 752, Bhandari Nagar, Ajmer 805040",50000,Filed
PER00607,Nathan Parmar,1973-02-07,YDZOI2254C,"56/60, Bava Circle, Rampur 309660",45000,Filed
PER00608,Tanmayi Rao,1979-05-18,YAYCR9157O,"61/10, Kaul Nagar, Unnao 062922",50000,Pending
PER00609,Avi Brahmbhatt,1978-04-09,PXUJU5051Y,"603, Chakrabarti Marg, Anand 158090",45000,Not Filed
PER00610,Kamya Guha,1987-03-14,UFYJX3370D,"41, Puri Zila, Khandwa-075644",80000,Filed
PER00611,Chandran Rana,1991-12-11,BPHVA4226S,"58, Atwal Street, Medininagar 994400",80000,Filed
PER00612,Dhriti Murty,1962-08-21,NZAAX8675J,"H.No. 76, Gera Chowk, Bhimavaram-301998",45000,Filed
PER00613,Deepa Warrior,1996-08-31,QWHAH3365S,"H.No. 085, Bains, Mahbubnagar 768125",45000,Not Filed
PER00614,Upasna Suresh,1994-05-05,XBMQI1426W,"43/042, Buch Chowk, Tadepalligudem-597840",35000,Filed
PER00615,Hredhaan Barman,1997-09-27,XONWS8294Q,"97/600, Parsa Ganj, Jamshedpur 838000",200000,Filed
PER00616,Chavvi Wason,1982-02-15,LZHCM2740D,"11/46, Batra Path, Kavali 013514",35000,Filed
PER00617,Laban Bobal,1967-06-01,VKCRA0645G,"503, Nazareth, Belgaum 537451",35000,Filed
PER00618,Balendra Pillay,1985-12-15,DOLGV7819Q,"876, Manne Marg, Nangloi Jat-103095",45000,Not Filed
PER00619,Jatin Gala,1989-09-08,OMQYF3856V,"H.No. 39, Pall Street, Jorhat 087589",45000,Filed
PER00620,Neha Bal,1959-06-13,ISKCW3724R,"90/28, Lad Circle, Buxar-944785",50000,Pending
PER00621,Urishilla Kumer,1958-10-23,LFLVL9181T,"H.No. 43, Sharma Zila, New Delhi-262748",35000,Filed
PER00622,Vasatika Reddy,1986-08-04,RZNEG8525Y,"246, Sabharwal Chowk, Vasai-Virar 648344",35000,Filed
PER00623,Qadim Kunda,1995-11-17,EXZPE1542F,"22, Suri Road, Avadi 173000",35000,Not Filed
PER00624,Ridhi Acharya,1966-02-27,LDBLP8114Y,"61/396, Kibe Road, Shahjahanpur-968001",45000,Not Filed
PER00625,Pranit Chakrabarti,1955-07-19,OYRUO7501I,"28/621, Master Zila, Dindigul-334461",45000,Filed
PER00626,Ryan Tak,1969-05-03,VPQJJ4538I,"H.No. 85, Prabhakar Road, Hubli–Dharwad-537051",50000,Filed
PER00627,Zaid Upadhyay,2004-12-14,ZKXVR1946R,"H.No. 296, Aggarwal Nagar, Ranchi 555125",65000,Filed
PER00628,Rajeshri Sandal,2006-09-11,UXRQR9440H,"H.No. 709, Rao Chowk, Tenali-982164",120000,Not Filed
PER00629,Dakshesh Shankar,1974-05-11,TWXKY2668V,"245, Nayar, Jabalpur-157780",65000,Not Filed
PER00630,Rajata Banik,1984-11-19,TARQA0198V,"H.No. 226, Kulkarni, Shivpuri-405140",80000,Filed
PER00631,Tanmayi Narayanan,1962-05-05,SFWQD6220H,"35/380, Chaudhary, Motihari-906722",45000,Not Filed
PER00632,Anya Prasad,1983-10-29,QLAXR6623N,"68, Yogi Road, Thoothukudi 723172",50000,Not Filed
PER00633,Chameli Pandya,1997-03-14,ADCHA2899S,"H.No. 833, Wali Zila, Guwahati-068424",50000,Filed
PER00634,Chakradhar Menon,1995-09-24,HZSMM3712G,"H.No. 322, Misra Street, Etawah-253884",80000,Filed
PER00635,Chakradhar Taneja,2001-01-13,NXQAB6689K,"36/857, Andra Ganj, Bulandshahr 211100",35000,Pending
PER00636,Pushti Bakshi,1958-03-05,JNKIC2810U,"H.No. 819, Bali Path, Morbi-420720",80000,Not Filed
PER00637,Isha Subramanian,1971-08-29,WAPXW5255Q,"11/76, Chandra Ganj, Gulbarga 071361",50000,Not Filed
PER00638,Harrison Panchal,1987-03-27,VFZQZ5302R,"90/42, Nagarajan Zila, Dhule-759970",45000,Pending
PER00639,Saksham Aggarwal,1996-12-30,XSDSK2311R,"57, Baral, Agra-796605",80000,Filed
PER00640,Darsh Gara,1988-11-02,MBSRX7161G,"94/587, Pai Street, Shimoga 662785",120000,Filed
PER00641,Ucchal Hora,1975-10-12,QBSJW8487V,"26/31, Kashyap Path, Ramagundam 165166",65000,Filed
PER00642,Om Devan,1963-03-08,YZIGA6820D,"H.No. 16, Majumdar, Panihati 465981",45000,Filed
PER00643,Charles Sule,1956-12-17,JZLOA7343F,"36, Sridhar Path, Jhansi 270043",35000,Filed
PER00644,Chanchal Mohanty,1961-08-23,VVTAO6319G,"69, Kurian Chowk, Bhalswa Jahangir Pur-797835",50000,Filed
PER00645,Varsha Narasimhan,1994-08-10,ZLHLU3874D,"22/264, Sawhney Path, Bettiah 747897",35000,Filed
PER00646,Triveni Nadkarni,1963-06-05,VTXFG5821S,"H.No. 604, Kurian Circle, Panchkula 720867",50000,Filed
PER00647,Ganga Bhatti,1974-01-02,QZDLO2612X,"H.No. 417, Mani Circle, Meerut-542257",35000,Pending
PER00648,Rajata Sani,1986-01-15,MXDES0066A,"27/600, Kakar Zila, Bareilly-252453",45000,Filed
PER00649,Upma Natt,2004-05-08,KXUJR9449R,"36/68, Bajaj Path, Bhilwara 583621",80000,Filed
PER00650,Nakul Natarajan,1971-05-29,FDJUR4219O,"054, Bhargava Chowk, Satna-529905",45000,Pending
PER00651,Neha Ranganathan,1997-09-25,EQFMI0337U,"722, Bedi Ganj, Pondicherry 562904",200000,Filed
PER00652,Damyanti Wali,1954-10-25,ZSJGR7586W,"57/75, Shere Marg, Ongole 959819",50000,Filed
PER00653,Qasim Garde,1998-07-23,WZYHX4190U,"102, Chaudhari Circle, Hospet-649392",50000,Filed
PER00654,Wishi Banerjee,1986-09-05,TLBSO0920T,"89, Anand Nagar, Korba-324172",45000,Filed
PER00655,Bhavani Chawla,1983-04-01,NRLFE7667M,"95/676, Bhalla Path, Mirzapur 593337",0,Not Filed
PER00656,Qadim Raj,1991-06-28,PNVAM1645J,"H.No. 027, Dara Nagar, Etawah 017127",65000,Filed
PER00657,Devika Shankar,2002-02-11,QBAAQ7539S,"20, Mallick Road, Kakinada-623065",120000,Not Filed
PER00658,Farhan Basak,1998-08-17,STLMX3051Z,"44/837, Parmar Circle, Uluberia 987751",35000,Filed
PER00659,Jack Sunder,2005-07-27,TYJRS1373L,"H.No. 639, Babu Street, Pallavaram-339158",50000,Filed
PER00660,Neel Nazareth,1973-01-01,PHQKV4674Y,"H.No. 247, Ganguly Street, Unnao 799911",45000,Filed
PER00661,Meghana Garde,1987-03-15,GIUNZ5698Q,"H.No. 720, Munshi Road, Madhyamgram-172986",50000,Not Filed
PER00662,Ira Chauhan,2006-12-04,RTCMG6386B,"83, Manne Path, Saharanpur-435499",200000,Filed
PER00663,Jonathan Rama,1985-08-30,DXJFT5650H,"07, Dhar Ganj, Pondicherry-124655",50000,Filed
PER00664,Sanya Sabharwal,1969-04-10,ZWDJX7351M,"H.No. 349, Memon Zila, Bharatpur-915431",80000,Filed
PER00665,Gavin Gill,2005-05-04,SKQIF6560N,"H.No. 67, Warrior Road, Jaunpur 734436",45000,Filed
PER00666,Abdul Nagarajan,1955-08-05,SVYNA3971K,"H.No. 531, Babu, Jamalpur-841667",65000,Pending
PER00667,Wakeeta Das,1985-11-30,BRUAG9956J,"84/26, Gala Circle, Amritsar-533599",0,Not Filed
PER00668,William Gandhi,1998-03-30,RPAEA4232S,"45/04, Bhalla Marg, Jodhpur-887053",65000,Filed
PER00669,Yatin Saraf,2000-03-22,GSXPJ8250J,"H.No. 47, Arora Circle, Tirunelveli-538510",120000,Filed
PER00670,Ikshita Parikh,1994-04-04,DQGCO9547Q,"63/666, Upadhyay Path, Morbi-520915",35000,Not Filed
PER00671,Balvan Chauhan,1995-05-30,IXTEU7447S,"80/00, Badal Nagar, Gandhinagar-208367",50000,Pending
PER00672,Dalbir Pradhan,1995-05-26,KXGFY6681H,"H.No. 915, Issac Street, Serampore-876638",65000,Filed
PER00673,Raagini Kaul,2000-07-06,FZMMS8961K,"27, Parekh Path, Hindupur 436880",50000,Filed
PER00674,Isaiah Kari,1969-08-23,IFFFK2977O,"61, Singhal Nagar, Rourkela-022703",45000,Filed
PER00675,Warda Jhaveri,1992-02-11,XFGBI3394Z,"H.No. 821, Vohra Zila, Siwan 501257",35000,Filed
PER00676,Jagvi Chad,1981-11-06,AXJEW4729H,"H.No. 72, Parekh, Bettiah 285053",35000,Filed
PER00677,Chakradev Bansal,1970-11-16,DQPOG0285G,"03/021, Pant, Cuttack-013937",65000,Not Filed
PER00678,Kai Mangat,1992-11-22,ZAJRP2300Y,"29/15, Iyer Marg, Nanded-618831",35000,Filed
PER00679,Zaitra Buch,1975-05-26,ZFGDY9563Z,"516, Padmanabhan Chowk, Visakhapatnam 089008",50000,Filed
PER00680,Tripti Bhagat,1978-01-04,SYKDD1487I,"516, Dixit Chowk, Jaipur-342397",65000,Filed
PER00681,Chatresh Gour,1991-04-11,FDHER4318F,"53/33, Brar Marg, Nandyal-571383",65000,Filed
PER00682,Isaac Barad,1988-01-27,QSFZF4443J,"437, Iyengar Zila, Serampore 773505",65000,Filed
PER00683,Charvi Ramaswamy,1980-02-23,SCKXX9740Z,"97/218, Hayre Marg, Thrissur-486387",0,Filed
PER00684,Zayan Gopal,1982-03-04,OPYSP3712D,"17, Bhargava Road, Phusro 325141",65000,Filed
PER00685,Bhavya Kumar,1958-10-28,YIVZC6740D,"85/16, Varughese Zila, Kakinada 166866",35000,Filed
PER00686,Kevin Bajwa,1973-12-26,HQJMH3104O,"H.No. 036, Choudhry Road, Mysore 944596",35000,Not Filed
PER00687,Osha Subramaniam,2004-08-30,PKVWQ0036Z,"H.No. 81, Srivastava Circle, Gaya 603386",50000,Filed
PER00688,Alexander Mand,1979-01-18,QVGWG7064D,"74, Sunder Path, Haridwar-270033",50000,Filed
PER00689,Jagat Dara,1987-11-23,RPVSQ0971Q,"H.No. 03, Acharya Street, Bahraich 811571",45000,Filed
PER00690,Megha Chaudry,1962-04-17,JDEZF4063D,"47/232, Dugal, Maheshtala 669221",45000,Filed
PER00691,Tanmayi Bhargava,1987-06-04,VRKWP9784C,"348, Kala Zila, Meerut 416420",45000,Filed
PER00692,Mohammed Hayre,1999-09-17,TEBZC5339L,"66/904, Chanda Street, Tezpur 977056",0,Filed
PER00693,Ijaya Kumar,1976-02-28,EXWYT4157X,"361, Yadav Ganj, Bulandshahr-020479",35000,Filed
PER00694,Bhavna Handa,2005-08-02,EYQWO0841Y,"H.No. 93, Amble Ganj, Vijayawada-982661",45000,Not Filed
PER00695,Jackson Singh,1976-07-21,XAMIG6761K,"57/398, Ray Chowk, Berhampore 474268",35000,Filed
PER00696,Ayushman Lata,1972-04-20,FVLRS5461T,"97/43, Setty Road, Nandyal-558600",200000,Filed
PER00697,Gaurav Keer,1983-08-07,FSGAJ5914P,"H.No. 249, Narain Marg, Anantapur-546840",80000,Filed
PER00698,Ansh Som,1958-05-12,COXQK3822D,"28/88, Kota Chowk, Giridih-364064",50000,Filed
PER00699,Aarav Dalal,1987-08-11,NDRPX0978O,"H.No. 852, Munshi Ganj, Saharanpur 594842",50000,Filed
PER00700,Tanmayi Issac,2000-10-03,HLRKF4311Y,"H.No. 997, Sheth Nagar, Haldia-171053",35000,Filed
PER00701,Aarnav Padmanabhan,1971-09-13,NKSGY7586T,"20/613, Shan Path, Malda-481397",50000,Filed
PER00702,Pooja Mangat,1999-11-04,HAQXX0246Z,"67/189, Hayer Street, Hazaribagh 279501",80000,Filed
PER00703,Lakshmi Tiwari,1984-11-07,AOBYI8465K,"359, Bava, Bidhannagar-976204",35000,Pending
PER00704,Manbir Chauhan,1972-08-19,XJUWC9678N,"H.No. 33, Reddy Ganj, Rohtak 160224",50000,Pending
PER00705,George Doctor,1978-07-15,XTVQH0204O,"69/706, Varghese Ganj, Saharsa 438042",45000,Not Filed
PER00706,Noah Ratti,1972-11-13,IQCEI6860P,"207, Mane Road, Ghaziabad 565237",45000,Filed
PER00707,Jagat Bobal,2001-07-03,SIUWU0601B,"13, Krishnamurthy Road, Farrukhabad 461774",45000,Filed
PER00708,Ekta Subramanian,1970-10-14,UASAI7764G,"59/84, Lal Street, Ramagundam 472987",35000,Filed
PER00709,Geetika Dyal,1959-11-12,AXNFK6068U,"25/02, Babu Ganj, Malegaon 909990",65000,Filed
PER00710,Aahana De,1958-08-24,KZNIR5565A,"334, Biswas Road, Bilaspur 900542",65000,Filed
PER00711,Ekani Baral,1983-07-09,WZOGU7246Y,"H.No. 975, Sharma Path, Ongole-022533",50000,Pending
PER00712,Samuel Khalsa,1978-08-07,VTSRC8577N,"94, Suresh Ganj, Hapur 935618",120000,Not Filed
PER00713,Raghav Banerjee,1973-07-15,JAMKV9665M,"H.No. 060, Shan Marg, Chapra 535226",45000,Filed
PER00714,Pranit Bhatti,2001-01-18,QHHES1957X,"H.No. 14, Andra Road, Nagpur-928927",50000,Not Filed
PER00715,Gunbir Roy,1991-10-23,KFQIJ5871B,"08/34, Panchal Street, Chandigarh 217957",50000,Not Filed
PER00716,Victor Goswami,1995-11-24,PINGV6628M,"H.No. 03, Dhillon Circle, Sambhal-586191",200000,Filed
PER00717,Samesh Naik,1996-07-10,MQCYJ1471S,"247, Shah Circle, Srikakulam 154630",45000,Not Filed
PER00718,Rajeshri Gandhi,1968-05-14,STHLC2522W,"H.No. 23, Nadkarni Nagar, Chapra 002469",65000,Filed
PER00719,Jagrati Rana,2006-04-16,WNRMT6346J,"567, Mangal Ganj, Coimbatore 478299",35000,Not Filed
PER00720,Rudra Bhatt,1959-09-20,KXZWU5904S,"H.No. 500, Lall, Baranagar-790677",65000,Filed
PER00721,Nicholas Hari,1995-02-27,XUUAD2077I,"96/461, Andra Circle, Loni-875110",45000,Filed
PER00722,Vasana Randhawa,1984-07-19,ABZAP9034S,"13/80, Gill Nagar, Kollam-787623",200000,Filed
PER00723,Ronith Arora,1964-06-18,GTWYO5528C,"H.No. 365, Maharaj Marg, Bally 627420",35000,Pending
PER00724,Azad Roy,1965-08-27,LTMAV9576Z,"078, Mutti Nagar, Singrauli-253757",200000,Filed
PER00725,Amol Dasgupta,1979-05-08,VAGLN9276A,"H.No. 19, Deep Road, Guwahati 236855",65000,Filed
PER00726,Vincent Roy,1980-08-14,WLNIN2649C,"H.No. 95, Kade Nagar, Bangalore-919625",0,Filed
PER00727,Balendra Sarna,1986-11-21,LRORJ5051C,"23, Dash Ganj, Panipat 801482",50000,Pending
PER00728,Lucky Badal,1977-10-21,NLADU8078D,"H.No. 97, Raja Circle, Lucknow-938324",35000,Filed
PER00729,Charvi Sinha,1970-01-09,TQVIV4329V,"10/036, Shan Street, Ahmednagar-401449",80000,Filed
PER00730,Theodore Lala,2002-05-05,QFRGJ9953O,"H.No. 06, Dave Marg, Noida 073101",65000,Filed
PER00731,Patrick Kurian,1996-12-19,GIZBC1076H,"42/405, Modi Road, Rajpur Sonarpur-924777",50000,Filed
PER00732,Ekbal Dhaliwal,1969-02-26,BRQNG9869A,"H.No. 498, Dora Nagar, Nagaon-795914",80000,Filed
PER00733,Panini Nayar,1974-01-04,JJMVI1540I,"531, Mall Chowk, Deoghar-008453",45000,Filed
PER00734,Nidhi Narula,1956-04-24,CLZHN6550Z,"242, Naidu Circle, Madurai 505478",50000,Filed
PER00735,Ria Dugar,1998-06-24,WINNJ0170K,"75/98, Kale Street, Nanded-048370",65000,Filed
PER00736,Yuvraj Prasad,1977-08-10,DKPOA0284Q,"H.No. 13, Thaker Circle, Guwahati-150462",0,Filed
PER00737,Kevin Cheema,1996-06-05,HNEPQ5196B,"H.No. 740, Mani Zila, Bardhaman 627248",50000,Filed
PER00738,Tanish Chaudhary,2007-02-04,BVPXG0389J,"35, Sandal Chowk, Panihati-062323",50000,Filed
PER00739,Chasmum Mishra,2001-01-02,DAMVF7841Z,"637, Saran Marg, Vijayanagaram 899700",0,Not Filed
PER00740,Jason Natt,1982-07-24,XFTVK7164K,"H.No. 677, Dube Chowk, Ghaziabad-014842",0,Filed
PER00741,Oliver Sahota,1985-01-24,UONUD2466B,"28/129, Garde Nagar, Bhimavaram 982951",80000,Filed
PER00742,Maya Kade,1991-02-01,UBRRY3880A,"47/40, Kashyap Nagar, Unnao-695407",50000,Filed
PER00743,Nandini Sridhar,2003-03-04,CAQVD1779P,"58/76, Choudhury Chowk, Kharagpur-156406",35000,Pending
PER00744,Ekavir Agarwal,1975-01-20,AJSXV9893X,"76/06, Bhatti Path, Karaikudi 957600",35000,Filed
PER00745,Shaurya Ram,1959-12-28,RQQKD4149O,"53/929, Butala Street, Fatehpur 634363",50000,Filed
PER00746,Rehaan Tailor,1960-10-05,XWGCH2378P,"97, Munshi Zila, Varanasi-898006",50000,Filed
PER00747,Yoshita Tripathi,1982-06-11,XIJPJ5046H,"01/20, Bhasin Path, Mira-Bhayandar 167834",65000,Filed
PER00748,Lopa Varty,1975-10-09,MEGCB3554H,"H.No. 552, Madan Nagar, Gandhidham 533557",45000,Filed
PER00749,Pallavi Gera,1985-05-25,KNHZE0293W,"22, Lala, Tiruppur-342584",65000,Filed
PER00750,Dominic Som,1990-12-27,GJUMN5373S,"924, Purohit Nagar, Bahraich 897704",35000,Filed
PER00751,Zashil Boase,1961-10-08,GKXVM6837H,"75, Bath Nagar, Ahmednagar-086084",45000,Not Filed
PER00752,Shravya Murty,1973-06-19,YFPGP9718J,"879, Wadhwa Circle, Kanpur-575657",45000,Not Filed
PER00753,Anjali Bhasin,1957-09-11,USAES4250L,"H.No. 172, Singhal, Ajmer-944093",45000,Filed
PER00754,Abdul Bhagat,2001-01-15,JXXGJ3572E,"H.No. 06, Nath Marg, Yamunanagar 990350",35000,Filed
PER00755,Kashvi Kulkarni,1977-11-03,SGNOH8923L,"788, Dass Circle, Pudukkottai-152496",50000,Filed
PER00756,Kabir Sandhu,1983-08-09,IHPPJ1527M,"H.No. 09, Mitra Path, Pali-327997",80000,Filed
PER00757,Jalsa Raghavan,1979-04-04,UACBW4212B,"557, Bawa Ganj, Satara-652196",50000,Filed
PER00758,Gaurang Banerjee,1962-06-09,JKORK0760K,"96/91, Banerjee Path, Barasat 458733",45000,Filed
PER00759,Aishani Munshi,2007-04-24,ZKBTK4800I,"H.No. 265, Parmar Path, Bhubaneswar-858013",35000,Not Filed
PER00760,Qarin Wali,1991-02-23,KBGMU1328M,"H.No. 79, Sabharwal Ganj, Ambattur-756872",45000,Not Filed
PER00761,Jeet Bajwa,1964-10-01,LGSVI4494E,"H.No. 974, Thakkar Path, Katni 186014",35000,Not Filed
PER00762,Lila Khanna,2005-05-03,KVYVM2069C,"16/594, Shere Street, Ramagundam-777976",80000,Filed
PER00763,Oeshi Sarna,1997-12-14,UABHF7858H,"11/55, Sood, Bhavnagar 244518",120000,Pending
PER00764,Darika Lall,1989-06-23,OBCEV0417T,"53, Dayal Chowk, Tinsukia 508718",65000,Not Filed
PER00765,Pallavi Narayan,2002-05-08,DHKVM3413F,"625, Bhardwaj Circle, Dewas 152862",45000,Filed
PER00766,Radha Rattan,1983-05-08,KSVLM6734A,"863, Lala Path, Yamunanagar 035032",80000,Not Filed
PER00767,Nirja Brar,2002-09-29,ECYSM0082R,"754, Acharya Marg, Shimla 238116",50000,Not Filed
PER00768,Rajeshri Kadakia,1969-10-07,QHOSM2568X,"48/469, Patil Circle, Kirari Suleman Nagar 209735",45000,Pending
PER00769,Yamini Modi,1982-08-22,UYNLX1683T,"680, Kala Nagar, Madhyamgram 806696",35000,Filed
PER00770,Tanay Datta,1991-05-07,EBNHF1540E,"H.No. 03, Chaudhry, Malegaon 451510",50000,Filed
PER00771,Damini Pillay,1962-05-03,GYLHA6154R,"62, Bhasin Marg, Vellore 198997",35000,Filed
PER00772,Varsha Uppal,1997-05-07,NFTYU3226S,"516, Nagar Marg, Sasaram-736762",50000,Filed
PER00773,Wishi Tiwari,1956-12-19,JHPFL6401A,"H.No. 863, Sekhon Road, Satna-834885",0,Filed
PER00774,Falak Tank,1959-02-24,GIOHQ2583H,"H.No. 62, Dave Ganj, Tezpur 382194",120000,Pending
PER00775,Nachiket Naidu,1970-01-17,YXKRQ8618S,"H.No. 279, Jain Chowk, Jalgaon-015100",65000,Not Filed
PER00776,Theodore Gandhi,1961-10-17,RMDMO0388V,"58/358, Tella Ganj, Tiruvottiyur 863937",200000,Filed
PER00777,Niharika Kar,1957-01-28,BXLWO3994I,"H.No. 48, Chowdhury Street, Bareilly-204453",35000,Filed
PER00778,William Boase,2001-01-15,INKMN5763U,"27, Manne Marg, Kulti 496809",200000,Not Filed
PER00779,Kamala Rana,1958-09-15,POLQO2628B,"H.No. 53, Gola Path, Indore-093269",45000,Filed
PER00780,Jairaj Bala,1981-01-21,RDKNJ6674W,"H.No. 093, Gopal Nagar, Secunderabad 890896",45000,Not Filed
PER00781,Hemani Lala,1989-07-23,CXWGG9508C,"892, Kaul Chowk, Mirzapur-054297",80000,Pending
PER00782,Finn Lad,1969-08-15,MPCOB7498P,"675, Contractor Path, Jaipur-221386",50000,Filed
PER00783,Manan Kohli,1965-02-14,SFEZU3522E,"99, Andra Path, Tezpur-612214",50000,Not Filed
PER00784,Girish Choudhary,1977-07-05,QBPUJ4103B,"51, Puri Street, Karawal Nagar 680201",45000,Not Filed
PER00785,Jason Nori,1961-12-17,ZBOEC2569L,"59, Raju Nagar, Nanded-708770",65000,Filed
PER00786,Jackson Kunda,1961-11-27,FCXWQ4537L,"53/65, Thakkar, Meerut 153141",65000,Filed
PER00787,Sneha Kanda,1956-06-20,MWGWK8416V,"23, Chakrabarti, Shahjahanpur-275718",50000,Pending
PER00788,Oni Chacko,1964-01-08,FMSVW3187Q,"H.No. 00, Madan Path, Bhubaneswar-170438",0,Filed
PER00789,Charles Doshi,1988-11-25,NZFCQ4475A,"72, Balay Marg, Sangli-Miraj & Kupwad-405349",45000,Filed
PER00790,Atharv Majumdar,1988-08-04,ZNTXZ9028R,"H.No. 00, Merchant Street, Visakhapatnam-623443",80000,Filed
PER00791,Ekantika Sarin,1968-01-29,JWCYX7153H,"H.No. 80, Chaudry Street, Coimbatore 977613",35000,Not Filed
PER00792,Aahana Keer,1993-10-12,AADCK5729D,"06, Dani Nagar, Rajpur Sonarpur 573807",35000,Pending
PER00793,Ira Patla,2003-12-11,PHFCC5002M,"H.No. 314, Dhaliwal Street, Bhalswa Jahangir Pur 584681",0,Filed
PER00794,Vanya Wason,1965-07-02,XXZPZ2333Q,"41/117, Seshadri Zila, Patna-003204",120000,Filed
PER00795,Kashish Rai,1981-01-18,NPGLA7680Y,"16/499, Agrawal Street, Dewas-605307",35000,Filed
PER00796,Kalpit Palla,1963-05-15,ACWLM2631D,"94, Shetty Path, Bulandshahr 673275",65000,Filed
PER00797,Farhan Mall,1986-10-14,GFXKI0372S,"H.No. 328, Pandit Nagar, Madurai-227834",120000,Filed
PER00798,Jagat Dhingra,2000-09-30,MGHHO7823T,"H.No. 98, Brahmbhatt Road, Tadipatri-186741",50000,Filed
PER00799,Bishakha Keer,1977-03-22,CAPCB3571M,"400, Subramaniam Circle, Thiruvananthapuram 400475",35000,Pending
PER00800,Chakradev Nadkarni,1979-07-07,XXQXQ6117O,"H.No. 346, Toor Road, Gorakhpur-488522",65000,Filed
PER00801,Yahvi Lala,1999-09-18,ULUGV5338J,"H.No. 046, Bhatti Marg, Tumkur 665609",45000,Not Filed
PER00802,Bina Puri,1979-06-12,YFXEO6169R,"623, Arora Street, Gandhinagar-416872",200000,Not Filed
PER00803,Wakeeta Chaudhry,1959-12-22,EPQNF1063Q,"73, Loyal Path, Bilaspur 599379",65000,Pending
PER00804,Jeevika Palla,1956-06-02,XUGBT1332J,"44/729, Naidu Ganj, Pudukkottai 545330",35000,Filed
PER00805,Yachana Shan,1964-07-24,GTTTO5132H,"34, Ben Ganj, Aligarh 892054",45000,Filed
PER00806,Manbir Nayak,1974-02-03,QQYXO9615P,"H.No. 655, Parmer Nagar, Gandhidham-211143",200000,Pending
PER00807,Abhiram Mall,1993-02-03,SPYIP0106W,"H.No. 24, Sahota Zila, Gulbarga-819527",0,Not Filed
PER00808,Hardik Dara,1960-06-11,JNCXR0693H,"H.No. 981, Srinivas Street, Kota 497009",50000,Filed
PER00809,Yatin Chatterjee,1958-09-29,SDAMF8399B,"63/916, Goel Ganj, Tiruvottiyur 076938",35000,Filed
PER00810,Ekani Sachdev,1986-07-18,UUASS0245O,"76, Kuruvilla Path, Gopalpur 016752",50000,Filed
PER00811,Lucky Dani,2001-05-21,XIUHS4070O,"81/015, Sachdev, Firozabad 440441",0,Pending
PER00812,Netra Suresh,1989-11-09,GJWRG6928L,"593, Sen Ganj, Latur 364334",65000,Filed
PER00813,Maanav Srinivas,2001-10-30,NTMFC3942G,"H.No. 748, Ramachandran, Loni 383921",50000,Filed
PER00814,Falguni Sandal,1991-06-15,QHMOP6907T,"87, Nayar Road, Thanjavur 409332",120000,Not Filed
PER00815,Rudra Sabharwal,2003-10-05,TYGWV7313J,"812, Randhawa, Raichur-814714",65000,Filed
PER00816,Tristan Golla,1958-07-11,GKRCV7431G,"H.No. 686, Tara Nagar, Vasai-Virar 318862",45000,Filed
PER00817,Zaid Balakrishnan,1985-04-20,SRPSP8223N,"H.No. 104, Kota Zila, Bhind-102023",50000,Not Filed
PER00818,Sara Chaudhary,1993-12-29,ZVVWK3360S,"58/62, Dhar Marg, Rourkela-530700",35000,Filed
PER00819,Gautami Din,1964-01-15,UXDDP5251V,"43/544, Bakshi Marg, Patna 265048",35000,Filed
PER00820,Henry Banerjee,1979-09-25,ORJST1345Y,"53, Raja Ganj, Alwar 920566",35000,Pending
PER00821,Ethan Grover,1957-07-17,OSQLE5844L,"63/117, Basu Road, Eluru-323758",200000,Filed
PER00822,Aarini Saxena,2003-10-12,DPHZN5067T,"H.No. 490, Chaudry, Udupi-246026",45000,Not Filed
PER00823,Yuvraj Date,1992-02-24,OGZCC5754V,"49/334, Mand Street, Bijapur-368490",65000,Filed
PER00824,Ethan Saran,1957-03-21,WHSOR1111U,"H.No. 919, Chaudhari, Chapra-691427",35000,Not Filed
PER00825,Manthan Uppal,1974-10-31,JKPHX8236K,"10, Garde Road, Gandhidham-168328",200000,Filed
PER00826,Nidra Sarma,2004-05-06,MUVBZ1114U,"H.No. 978, Roy Zila, Tirunelveli-580659",45000,Filed
PER00827,Gaurika Wagle,1975-04-26,VWVYA3765B,"H.No. 119, Doctor Street, Ludhiana-765381",35000,Not Filed
PER00828,Jagdish Nath,1980-05-21,KKJKB9571B,"282, Chacko, Durg 095398",0,Not Filed
PER00829,Xiti Wable,1998-08-13,PCQMZ3402H,"83/693, Bhatnagar Street, Bhind-273686",50000,Filed
PER00830,Isaac Magar,1998-03-29,JCXEY4104S,"H.No. 43, Chana Path, Arrah 913127",45000,Pending
PER00831,Baghyawati Mitra,1957-02-02,CMFWY8445L,"78, Oak Street, Ranchi 259669",50000,Filed
PER00832,Amruta Bath,1983-08-10,IYTKW5556V,"729, Palla Chowk, Bhiwani 582507",35000,Filed
PER00833,Ekansh Acharya,1960-04-13,ZMLVU2020U,"307, Manda Zila, Pudukkottai 204233",65000,Not Filed
PER00834,Udyati Dhaliwal,1974-01-28,PFBPE0371B,"65, Khatri Chowk, Vijayawada 535221",120000,Filed
PER00835,Jagdish Jain,1970-05-24,ERVMF6704O,"04/15, Dugar Marg, Kolkata-590532",35000,Not Filed
PER00836,Ansh Deshmukh,1981-04-02,UWBER8507R,"83, Bath Zila, Panchkula-551648",65000,Filed
PER00837,Indira Goel,1972-08-12,DXIIL0932S,"47/70, Rai Zila, Khandwa-659618",50000,Filed
PER00838,Jagrati Swaminathan,1971-08-06,RIVKQ4295J,"732, Murthy Marg, Yamunanagar-300101",200000,Pending
PER00839,Baghyawati Raj,1990-09-01,NMLGL9953E,"006, Shan Road, Naihati-622236",45000,Filed
PER00840,Inaya Rege,1973-01-05,XZAUP9879G,"18/48, Thaman Marg, Barasat 249137",50000,Filed
PER00841,Devika Gandhi,1981-02-10,RXAYL4852B,"24/69, Mann Chowk, Guntur 125505",65000,Filed
PER00842,Oni Edwin,1969-03-16,WCTOI0848L,"59/181, Karan Chowk, Guntur-864093",65000,Filed
PER00843,Pallavi Gopal,1958-06-18,BFKAH3408J,"H.No. 138, Dalal Chowk, Gulbarga-277293",35000,Not Filed
PER00844,Amara Chokshi,2000-12-31,GWPHL6226P,"52, Bahl Street, Guna-002524",35000,Filed
PER00845,Ekaja Barad,1974-09-21,AVDAB0626J,"50/36, Bera Path, Miryalaguda 551287",65000,Filed
PER00846,Udarsh Dara,1971-09-02,OPAPI4776G,"413, Oak Zila, Hindupur-473708",50000,Pending
PER00847,Hemani Naik,2001-04-29,UVSPV0008D,"42/082, Dayal Circle, Sonipat 539643",35000,Not Filed
PER00848,Lila Bhakta,1958-08-05,ORMAB9327S,"H.No. 18, Kar Path, Eluru 946664",65000,Not Filed
PER00849,Avi Sharma,1991-12-03,XBFFN8028X,"H.No. 76, Purohit Marg, Katni-596106",50000,Not Filed
PER00850,Jyoti Dhawan,1958-11-12,JTSWA2840E,"63/354, Shanker Chowk, Miryalaguda-485530",35000,Filed
PER00851,Hiral Deep,1995-07-23,VPDYQ7256M,"386, Chander Road, Dibrugarh 566441",65000,Not Filed
PER00852,Utkarsh Kapadia,1975-09-18,MGHUQ1745V,"17/74, Sridhar Nagar, Bhavnagar-261871",45000,Filed
PER00853,Zehaan Nair,1988-06-19,KHYPR3173W,"260, Kunda Chowk, Mumbai 751638",50000,Pending
PER00854,Shaurya Hegde,1991-09-05,KZOIF4237N,"H.No. 30, Pillay Chowk, Danapur-248647",35000,Filed
PER00855,Henry Saha,1980-09-28,ODUEL9396N,"22/11, Shroff Nagar, Sri Ganganagar 530559",35000,Filed
PER00856,Faras Bala,1955-05-24,HGEUU8227E,"H.No. 108, Dalal Circle, Thanjavur 036540",65000,Filed
PER00857,Anya Bora,1988-11-13,GQERP4442R,"25/581, Mittal Zila, Siliguri 443704",45000,Filed
PER00858,Banjeet Yohannan,2003-09-24,ONKBF7794I,"56/719, Golla Circle, Munger 050476",35000,Filed
PER00859,Widisha Desai,1982-07-16,OIHYO7905T,"05/395, Wason Marg, Begusarai 098374",65000,Filed
PER00860,Kai Nadkarni,1988-09-15,CKNLB1699P,"H.No. 519, Koshy Marg, Nanded 029702",45000,Filed
PER00861,Lajita Lall,1979-01-16,BIJNP2854U,"853, Mani Road, Madurai 047215",200000,Filed
PER00862,Manthan Mall,1955-07-10,UUQAM3696V,"54, Master Nagar, Gudivada 794756",45000,Filed
PER00863,Robert Rai,1960-12-27,DEVGA7744Y,"H.No. 322, Bansal Street, Jaipur 002036",200000,Filed
PER00864,Mahika Aggarwal,1964-06-10,UXDXL8810U,"H.No. 469, Bandi Street, Eluru 223601",65000,Filed
PER00865,Sudiksha Sawhney,1981-02-11,KTUZI6332K,"H.No. 82, Hayre Nagar, Arrah-489159",50000,Filed
PER00866,Nicholas Pandit,1988-09-18,RGEHC7296W,"H.No. 092, Swaminathan Chowk, Berhampore-238087",45000,Filed
PER00867,Sathvik Prabhakar,1998-07-10,MXURK0292Q,"H.No. 23, Bail Road, Korba 171155",65000,Filed
PER00868,Mohammed Butala,2007-05-25,FZAUM8669J,"882, Jhaveri Ganj, Pondicherry-209452",65000,Not Filed
PER00869,Ranveer Pandit,1965-10-08,ZMRRV0336W,"H.No. 366, Loke, Darbhanga-463213",35000,Pending
PER00870,Henry Devan,1981-07-26,HWNGL3822J,"H.No. 19, Mital Nagar, Ludhiana 069431",50000,Filed
PER00871,Alexander Naidu,1991-08-31,EOBWX0395N,"H.No. 350, Rajagopalan Path, Belgaum 119716",45000,Filed
PER00872,Varsha Gera,2007-02-24,DUPUF0453A,"05/972, Rajagopalan Marg, Jammu-354987",80000,Filed
PER00873,Chanakya Din,1975-12-08,UGILD1689H,"057, Kaul Circle, Korba 815338",35000,Filed
PER00874,Peter Varma,1967-04-03,VOSMR4165P,"106, Hari Nagar, Aligarh 223706",50000,Filed
PER00875,Yadavi Sheth,1959-10-16,IAXMM1073O,"35, Rege, Yamunanagar 930113",80000,Not Filed
PER00876,Ekantika Swamy,1989-06-28,WBSKT7877U,"H.No. 176, Oak, Buxar 618339",45000,Filed
PER00877,Chatura Khalsa,1969-01-20,NGESX2854J,"01, Dar Path, Raebareli 329143",50000,Filed
PER00878,Ishita Swaminathan,1995-04-25,WUKPC1064B,"74/91, Keer, Mira-Bhayandar 820009",35000,Not Filed
PER00879,Faris Rau,1988-09-19,PAMGS6856Q,"79/908, Pal Nagar, Tadipatri 017110",0,Not Filed
PER00880,Gopal Chhabra,1977-12-30,FEJZC3067V,"H.No. 939, Dalal Road, Maheshtala-644409",50000,Filed
PER00881,Sai Gour,1956-03-13,NQENC4257K,"80, Bumb Path, Guwahati 042609",0,Pending
PER00882,Abhimanyu Mutti,1981-10-24,LLQPA0152P,"39/95, Nanda Circle, Raipur-737007",65000,Filed
PER00883,Omaja Sachdeva,1980-09-24,YMTEN6812H,"185, Karan Circle, Jehanabad 264501",65000,Filed
PER00884,Hemal Venkataraman,1975-01-03,QQLQP5339G,"722, D’Alia Ganj, Gangtok-884464",65000,Pending
PER00885,Watika Prakash,1979-03-09,QIJJY4331R,"H.No. 228, Boase Chowk, Raebareli-664011",65000,Filed
PER00886,Janaki Butala,1985-05-11,RZBYQ3203P,"935, Atwal Nagar, Sasaram-680351",35000,Not Filed
PER00887,Arin Gaba,1968-06-13,PFRKA7290B,"18, Gokhale Road, Chandigarh-917695",65000,Filed
PER00888,Rudra Nori,1960-08-21,WKMMB9187N,"H.No. 312, Char, Bhopal-235240",35000,Filed
PER00889,Dhruv Parmer,1971-01-12,TAPRX9087F,"80/268, Toor Street, Malda 331601",65000,Filed
PER00890,Chanchal Bumb,1975-02-07,GBYOF9752P,"H.No. 661, Tella Path, Siwan 263231",50000,Filed
PER00891,Aadi Prabhu,2003-09-17,SQAVS0462D,"53/924, Ravi Chowk, Satna-909932",65000,Filed
PER00892,Neel Behl,1986-11-05,PPXDY4859P,"H.No. 509, Narayanan Zila, Sri Ganganagar-209393",0,Not Filed
PER00893,Imaran Kaul,2004-05-13,AMHPI7167Y,"28/45, Krishnamurthy Nagar, Mysore 166405",35000,Not Filed
PER00894,Brijesh Wadhwa,1961-10-03,XEPHR3168B,"86/374, Wable Marg, Farrukhabad-702941",45000,Filed
PER00895,Jacob Nadig,1956-10-26,XAGUH8848W,"93/34, Amble Street, Imphal 965362",120000,Not Filed
PER00896,Bahadurjit Trivedi,2005-06-26,SKHJI2603D,"83/812, Shan Chowk, Bikaner 642649",45000,Filed
PER00897,Chameli Cheema,2005-04-11,VEGPP4047I,"258, Magar Ganj, Nangloi Jat 292471",80000,Filed
PER00898,Maanas Bath,1985-02-16,ACDNG9188U,"21/139, Banerjee Nagar, Tirupati-106883",45000,Filed
PER00899,Yashasvi Dayal,1989-03-22,UOAEQ7959E,"92/428, Mammen Circle, Durgapur 282132",0,Filed
PER00900,Vasudha Issac,1963-09-25,SVCHS0409M,"H.No. 176, Mammen Marg, Hubli–Dharwad-717811",45000,Pending
PER00901,Varenya Pandit,1968-03-08,OASMJ3239Z,"88/85, Karpe Street, Panipat-164226",0,Filed
PER00902,Tanay Dube,1965-09-06,UNQDQ7793L,"263, Merchant Ganj, Kishanganj-129912",35000,Not Filed
PER00903,Advika Wason,1958-04-18,IGIGV5768R,"95/21, Bhatnagar Circle, Bardhaman 244074",65000,Not Filed
PER00904,Hiral Gade,1955-08-23,NHWZM8101J,"H.No. 86, Kohli Path, Durgapur 680201",80000,Filed
PER00905,Amrita Nagi,1970-09-06,ZKOQP7411B,"H.No. 801, Parmer Circle, Barasat 992122",50000,Filed
PER00906,Jeevika Sarna,1980-01-05,ULNJB8809N,"H.No. 583, Shenoy Zila, Jaipur 370834",120000,Not Filed
PER00907,Thomas Wable,1955-12-17,FRFKV1619H,"06/114, Pradhan Marg, Adoni 785818",65000,Filed
PER00908,Riya Kari,1980-02-19,CCAUM7066X,"H.No. 60, Kale Chowk, Baranagar-887062",50000,Not Filed
PER00909,Xavier Pal,1990-02-20,FPIKP3606K,"H.No. 09, Sheth, Nangloi Jat-715880",50000,Not Filed
PER00910,Chandani Mani,1987-10-05,TWSHG4478P,"H.No. 11, Gera Chowk, Ratlam-069547",45000,Not Filed
PER00911,Hredhaan Nanda,1960-07-14,OEFGY8270A,"68, Konda Circle, Thanjavur 102671",45000,Filed
PER00912,Chakradhar Char,1989-04-26,ABSTZ9720L,"17/47, Modi Marg, Barasat-446561",45000,Filed
PER00913,Harinakshi Kota,1988-01-25,ATYVL8708R,"50/265, Chandra Road, Akola-568097",65000,Not Filed
PER00914,Omya Atwal,1964-02-08,KMXLS1994T,"32/49, Iyer Marg, Mira-Bhayandar 839192",45000,Filed
PER00915,Warda Krish,1968-06-23,QAQIH1991P,"09, Manda Path, Warangal 776873",65000,Filed
PER00916,Pranav D’Alia,1986-01-25,FOVIN0894C,"90, Brahmbhatt Zila, Sasaram-108209",45000,Filed
PER00917,Neelima Modi,2003-11-21,TZXUT3757I,"98, Mital Circle, Alwar-040813",0,Filed
PER00918,Gavin Khatri,2002-09-27,GQHUV5173S,"56/69, Gade, Durg-784481",35000,Not Filed
PER00919,Ayush Shenoy,1976-02-27,WFXAS3633D,"98, Choudhry Path, Bulandshahr-887108",65000,Filed
PER00920,Ayaan Varkey,1959-04-16,SCDXX0121A,"67/87, Vyas Marg, Malegaon-588161",50000,Filed
PER00921,Mitesh Raju,1959-04-28,XWAPF4159W,"03, Nadkarni, Kurnool 442789",65000,Filed
PER00922,Neha Khalsa,1978-01-18,JMSBE3443N,"33, Chacko Ganj, Tiruchirappalli 201614",80000,Not Filed
PER00923,Rajeshri Kar,1967-05-12,TFGJA4732E,"07, Bhalla Chowk, Pudukkottai 858333",35000,Filed
PER00924,Widisha Som,1964-05-14,IWCLI2317Z,"54/108, Sunder, Satara 397475",50000,Filed
PER00925,Mugdha Rau,2004-07-26,EFWVC6651O,"H.No. 954, Bawa Marg, Pallavaram 244860",35000,Pending
PER00926,Avni Sha,1999-03-30,SLSFS9683L,"H.No. 75, Pau Nagar, Mira-Bhayandar-600770",65000,Not Filed
PER00927,Tara Rajagopalan,1980-05-31,XVNPJ0057Z,"87/09, Ramanathan Circle, Ulhasnagar-446429",45000,Not Filed
PER00928,Henry Kadakia,1975-01-05,IGOEZ4978A,"H.No. 376, Garg Circle, Hapur-697751",45000,Filed
PER00929,Kevin Dugar,2000-10-20,VZCLA8123T,"442, Wable Street, Sambhal-336463",120000,Filed
PER00930,Hitesh Krishna,1988-04-09,KDWUF4295M,"H.No. 917, Brar, Bhimavaram 163848",35000,Not Filed
PER00931,Peter Narayan,1966-02-26,CAMXN4005B,"69/154, Nori Street, Pune-818080",35000,Not Filed
PER00932,Nilima Char,2004-07-12,VSAPQ9556I,"01/75, Agarwal Street, Tezpur-370637",80000,Filed
PER00933,Arjun Dubey,1972-07-16,EDGJH4218A,"H.No. 91, Jani Street, Bathinda-806835",80000,Filed
PER00934,Naksh Bora,1968-04-18,EYCVZ8081J,"H.No. 599, Kanda Path, Kulti-829375",35000,Filed
PER00935,Lavanya Mane,1964-10-19,NGTQX5313R,"H.No. 52, Chauhan Circle, Jamnagar 878642",65000,Not Filed
PER00936,Samuel Menon,1967-03-31,CGZUZ3939K,"H.No. 610, Pillay, Kollam-010961",45000,Filed
PER00937,Advik Dugar,1987-05-26,XMVUF8236Y,"H.No. 367, Merchant, Ghaziabad-260183",50000,Filed
PER00938,Mitali Talwar,2006-11-20,BHBAQ3489Y,"H.No. 15, Kalita Circle, Dewas-345731",50000,Filed
PER00939,Hritik Narayan,1999-07-09,MNIBN9377F,"33/81, Borde Road, Panvel 534726",65000,Filed
PER00940,Farhan Sarma,2006-10-26,ZTNNH5313H,"H.No. 63, Iyer Ganj, Latur-546530",35000,Pending
PER00941,Rishi Bhargava,1962-06-24,AYHNG6707J,"76, Kothari, Gudivada 726037",45000,Filed
PER00942,Bachittar Tella,1965-12-10,VCIDP9154E,"H.No. 48, Sekhon Zila, Kozhikode-870877",50000,Filed
PER00943,Gautam Cherian,2000-05-20,LIBVH4847L,"86/751, Sethi Marg, Singrauli-023243",0,Filed
PER00944,Tanay Balan,2000-01-10,HFWTG7464T,"259, Narang Chowk, Saharsa-253763",50000,Filed
PER00945,Warda Shankar,1994-10-20,MBFFP1782S,"917, Pai Ganj, Suryapet-526491",80000,Filed
PER00946,Om Sharaf,1977-12-10,ALCFH3107V,"455, Zacharia Zila, Asansol 934442",50000,Filed
PER00947,Aadhya Radhakrishnan,1966-12-16,ACWTK2676W,"86/146, Samra Circle, Sri Ganganagar-291324",45000,Filed
PER00948,Odika Shah,1992-10-16,TTXZO8259V,"22/802, Parsa Circle, Muzaffarnagar 331631",50000,Pending
PER00949,Jeremiah Karpe,1968-11-19,MHNBZ4242U,"H.No. 86, Babu, Sultan Pur Majra-635351",120000,Not Filed
PER00950,Januja Shah,1986-07-02,UYGXY1258C,"86/837, Dewan Street, Karawal Nagar-441214",50000,Filed
PER00951,Alexander Seth,1975-04-27,DBKKM5985E,"74/210, Hegde Marg, Vijayanagaram-993142",80000,Filed
PER00952,Ansh Bassi,1968-08-07,EVAVD9763S,"35/550, Iyengar Chowk, Madhyamgram 115889",45000,Filed
PER00953,Siya Seshadri,2004-06-13,OLDGO7427I,"19/92, Munshi Circle, Sikar-420357",120000,Filed
PER00954,Tanvi Palla,1958-08-27,VURSC1117L,"62/64, Maharaj Street, Thoothukudi 237561",45000,Not Filed
PER00955,Rachita Viswanathan,1983-10-12,XNJFL4864X,"88, Parsa Ganj, Ambarnath 906090",65000,Not Filed
PER00956,Ati Talwar,1967-10-06,KZMCH3400R,"H.No. 10, Raj, Raichur-511562",200000,Filed
PER00957,Kavya Srivastava,1982-03-27,XJBYE5293B,"892, Som Marg, Moradabad-823536",200000,Filed
PER00958,Dhriti Narang,1988-01-10,GMZDF6024B,"H.No. 90, Kanda Circle, Varanasi-935069",35000,Not Filed
PER00959,Isaiah Kar,1991-08-30,SBKAT3018B,"68, Chakraborty Road, Latur-445111",45000,Filed
PER00960,Janani Mall,1971-06-25,EQQJU2908M,"H.No. 020, Nayak Circle, Pondicherry 230602",120000,Filed
PER00961,Gopal Halder,1955-06-20,WMIED8383Z,"61, Grover, Bidhannagar-522084",50000,Filed
PER00962,Anvi Sharma,1969-01-23,GZUKW6243N,"H.No. 78, Ratta Street, Morbi 184973",35000,Filed
PER00963,Megha Mannan,1967-11-24,REZXG5511R,"99/17, Chaudry, Bokaro 398631",50000,Filed
PER00964,Umang Borde,1992-12-22,EIKFT7313K,"66/366, Desai Chowk, Kollam 985977",0,Pending
PER00965,Ayushman Sehgal,1971-09-10,UDKPN8281N,"67, Sahni Road, Bijapur-754256",35000,Filed
PER00966,Hemani Garde,1962-08-28,SFWGE0763Z,"H.No. 71, Purohit Circle, Pali 505690",50000,Pending
PER00967,Dakshesh Jha,1990-02-12,NEIHV5996Z,"71/65, Nagar Ganj, Patna 918718",45000,Filed
PER00968,Chavvi Golla,2006-12-29,VDWUE2250T,"88/424, Gour Ganj, Karimnagar 092232",80000,Filed
PER00969,Bina Chhabra,2001-06-06,LXCWZ5837V,"45/728, Venkatesh Road, Bijapur 757128",65000,Filed
PER00970,Ridhi Sibal,1974-08-26,UYOGQ3588G,"87/926, Dara Marg, Ballia 598335",45000,Filed
PER00971,Yug Gola,1959-09-12,BCNTC3544L,"25/144, Gera Street, Sultan Pur Majra-982462",35000,Filed
PER00972,Sudiksha Mani,1988-11-18,UTLQU0424J,"11, Wable Chowk, Kishanganj-157022",50000,Filed
PER00973,Daksha Setty,1964-07-23,OAXSX4906Z,"H.No. 029, Sane Circle, Tadepalligudem 184502",35000,Pending
PER00974,Dhriti Wali,1982-02-17,PVOJY9833R,"65, Basu Circle, Burhanpur-687610",35000,Filed
PER00975,Zansi Karan,1988-12-12,ZOIKD0133E,"84/135, Kar Circle, Bhusawal-679956",50000,Pending
PER00976,Yoshita Pingle,1963-08-29,SQUBZ1366C,"01, Singhal Street, North Dumdum 835959",50000,Not Filed
PER00977,Xavier Maharaj,1989-09-20,UFEXF9178A,"740, Kapoor Road, Saharsa 177799",45000,Filed
PER00978,Hemang Bassi,1976-04-27,URCEW7640M,"13, Ganesan, Ongole-998923",0,Filed
PER00979,Faraj Ravel,1971-10-31,FETGC9910W,"18, Ganguly Zila, Thiruvananthapuram 771962",80000,Filed
PER00980,Xavier Nagy,1983-12-13,DZBOM0334V,"H.No. 58, Rege Circle, Karimnagar 361461",120000,Filed
PER00981,Neha Bora,1973-11-21,ENWWC3701X,"H.No. 28, Dugar Circle, Dehradun 414469",200000,Filed
PER00982,Chanakya Bail,1975-06-10,XOLXX5248S,"H.No. 48, Chawla Road, Haldia 351600",45000,Filed
PER00983,Hiral Gade,1962-03-31,HGGQG5449J,"68/949, Agate Marg, Kolkata 189829",0,Filed
PER00984,Quincy Handa,1973-11-16,UHKOW4589B,"90, Chokshi Road, Jaipur 850548",50000,Not Filed
PER00985,Sarthak Dugar,1991-06-08,TGLPQ1211C,"40, Saran Street, Rajahmundry 344659",35000,Filed
PER00986,Ryan Kamdar,1977-10-15,WSXGY6049O,"28, Sehgal Nagar, Silchar-216591",50000,Filed
PER00987,Max Deol,1960-01-27,ELFWX8799H,"H.No. 094, Sood Nagar, Latur 557620",65000,Filed
PER00988,Jeet Rout,1970-04-15,IJXHQ2754E,"51/597, Malhotra, Bathinda-686182",120000,Not Filed
PER00989,Saksham Ratti,2007-04-09,XATXF2472K,"H.No. 44, Buch Road, Jorhat-843493",80000,Filed
PER00990,Darsh Bhatti,1985-02-05,DRBQR2430V,"747, Savant Zila, Rajkot 423670",50000,Filed
PER00991,Sai Nayar,1989-08-16,DKMJQ6062Z,"H.No. 945, Nazareth Road, Mysore-069290",35000,Pending
PER00992,Zarna Agarwal,1977-04-01,BQSFY4888J,"19/41, Ramaswamy Path, Mau-848558",65000,Filed
PER00993,Anirudh Hari,1972-12-07,ZOZIS3422K,"58/50, Bora Circle, Hajipur-913333",200000,Filed
PER00994,Xiti Bal,1988-10-14,EDFFI6406C,"H.No. 17, Mangat Zila, Kulti-555081",50000,Filed
PER00995,Christopher Oak,1991-05-02,NPCAE8514D,"71, Parekh Chowk, Firozabad-350224",35000,Filed
PER00996,Meghana Ravel,1968-10-23,CWWKA9173W,"60, Dyal Road, Mango 847495",80000,Filed
PER00997,Diya Dhar,1985-08-06,NBKBF9577X,"H.No. 72, Setty Chowk, Kozhikode-599350",200000,Filed
PER00998,Gavin Sarin,2003-11-13,POMKF6944Q,"H.No. 65, Lal Nagar, Kadapa 718852",45000,Filed
PER00999,Siya Sibal,1987-09-19,UZPMO4463M,"H.No. 10, Agarwal Path, Solapur 010809",50000,Not Filed
PER01000,Yoshita Barad,1992-12-12,ZUCNL3018F,"H.No. 925, Dugar Marg, Bathinda-063387",65000,Pending
